"","delta","sd","2.5%","25%","50%","75%","97.5%"
"",0,0,0,0,0,0,0
"deltaTemp",0.897711155019064,0.0714073167260368,0.741471226715488,0.849406233506972,0.90837851497204,0.955452860747021,0.997212823253064
"deltaTemp",0.76260429617653,0.121831277644785,0.54579778576679,0.668779480892196,0.752914829025479,0.851327907227365,0.98384350752128
"deltaTemp",0.899173739498641,0.0700968361056364,0.745700310931209,0.851945418914397,0.910192026160607,0.957575243639119,0.995774562174775
"deltaTemp",0.267454879790244,0.0794801563677549,0.0469816791809588,0.232621353056039,0.280582883680839,0.320026898331837,0.389033512247495
"deltaTemp",0.83752039804859,0.0999598846960223,0.638453672245746,0.763520494157257,0.842333626642266,0.921027476931791,0.991959731053284
"deltaTemp",0.507036505349569,0.0903050678363798,0.364311706491196,0.448570764272006,0.496477851074901,0.553261055196877,0.72867583577825
"deltaTemp",0.298009720320256,0.0837365007748952,0.0571845350749462,0.261723227143152,0.309261342481691,0.351974453447036,0.428352229789635
"deltaTemp",0.774311184528509,0.131798794910123,0.506836694104688,0.674561598425477,0.783911163447948,0.879971529125073,0.984947251495292
"deltaTemp",0.121284974040325,0.0698677476238516,0.00825825306852527,0.0638067167412804,0.117629394886424,0.17414684757105,0.258224540639964
"deltaTemp",0.0863238178055578,0.0517639987588798,0.00562798798250241,0.0428518022890853,0.0831438877377385,0.125311596154544,0.188531836053318
"deltaTemp",0.113014305814591,0.064670529038792,0.00682748474552797,0.0577507612605331,0.114003729795035,0.165523362049972,0.231499334245775
"deltaTemp",0.102289712828287,0.0611239445295339,0.00643534993935089,0.0499747600398607,0.0982616702171695,0.148768320565015,0.22337418735992
"deltaTemp",0.874491423952836,0.0811183121303615,0.694302076922287,0.819360668965204,0.886004306969912,0.941817053246905,0.991491975560405
"deltaTemp",0.515236296010843,0.0918743675790807,0.371308731038389,0.457426866725304,0.503033868068197,0.556907330561162,0.750030399143248
"deltaTemp",0.849356578880548,0.0953010517166797,0.651501226383646,0.780878954584698,0.859005006511618,0.927719654618302,0.992252135950655
"deltaTemp",0.473930816234946,0.0740534817275957,0.331495219981286,0.424148928338124,0.471618348056617,0.519351458823251,0.629772737039643
"deltaTemp",0.815794904626162,0.0953154656652378,0.63964365627851,0.743204522369064,0.814512083513283,0.887998412516502,0.984805678031109
"deltaTemp",0.677007730170489,0.125862496160236,0.475447058685931,0.581971098187904,0.657963332985343,0.761427243893085,0.95620047038361
"deltaTemp",0.51666071300279,0.0545700888474132,0.413094849276247,0.47880733135966,0.51476382418157,0.549672320342752,0.633065289828235
"deltaTemp",0.114649412167766,0.0651993659381639,0.00684903951438229,0.0604174035861558,0.112264652517383,0.166010029992571,0.234113233832406
"deltaTemp",0.619901982509254,0.0475267060102911,0.531417638140031,0.587834962554268,0.618091724089719,0.651142702964963,0.718418303853508
"deltaTemp",0.392021412178986,0.0424794019745971,0.312639214248152,0.362995223197006,0.390068206754761,0.420197891028136,0.477288374214452
"deltaTemp",0.469761654843695,0.0565966526724203,0.362957646040452,0.431371609093631,0.469805123540405,0.505468140397441,0.590426536732495
"deltaTemp",0.163559612107276,0.0621983275081202,0.0106082356629074,0.137678250176741,0.177895105058681,0.205813567874096,0.255458978052358
"deltaTemp",0.289141989018271,0.0351349924112658,0.22698390361367,0.26462771637209,0.287002186908533,0.312383717143137,0.365730796816053
"deltaTemp",0.504022719315839,0.0879612899097178,0.361044502091163,0.447132021919146,0.493650182842429,0.549510088760736,0.710102614160514
"deltaTemp",0.350150530039825,0.0364412158623073,0.277809131515671,0.326281900141235,0.350094311121065,0.374594028075728,0.421417025379255
"deltaTemp",0.107128996301559,0.0668004783047495,0.00560536228623237,0.0495298564005077,0.102923930177613,0.158676920432585,0.236725547524445
"deltaTemp",0.297445948385553,0.0689188408628227,0.113503530819052,0.268670911394588,0.306871007066932,0.341483313876583,0.405661537704228
"deltaTemp",0.272905294161259,0.0385640224969356,0.202197065937062,0.246747039249456,0.272481199298063,0.297639770576612,0.350794321758153
"deltaTemp",0.68099028224451,0.127932022563087,0.484285290263599,0.587399717199211,0.658902673725604,0.756992044891074,0.975611857604743
"deltaTemp",0.407618584050643,0.0423055385880483,0.330920956053899,0.377415610878339,0.407443850900392,0.436106764152854,0.489987260516199
"deltaTemp",0.801212354340839,0.0847420887690562,0.655819681195113,0.738453854034452,0.793389227328881,0.859089242659174,0.974112199425175
"deltaTemp",0.347436574700657,0.0441393568878012,0.267026731517221,0.317882217365972,0.345936114156172,0.376800020381532,0.436006965671401
"deltaTemp",0.64574073354068,0.0901233912895338,0.502764669564645,0.581260056935182,0.635079083818134,0.695421611507889,0.862030958195789
"deltaTemp",0.714847136801682,0.142865095163027,0.481563666744109,0.603090266810382,0.699851565635744,0.82187443455383,0.986331870207301
"deltaTemp",0.15564076667804,0.0868190748338816,0.0119344839552405,0.0827742894244379,0.156826210876,0.223141182418238,0.321081000178559
"deltaTemp",0.786918585564114,0.0952889221080223,0.623740420002635,0.714197823773347,0.779008466752742,0.857311684048865,0.975165557842416
"deltaTemp",0.111207522563106,0.0633165770126376,0.00593000733492299,0.0583329878091398,0.111023727616618,0.161024751522625,0.226525004359771
"deltaTemp",0.586180486190776,0.0579978491221224,0.486113120212568,0.545785736319297,0.580810930948409,0.620883386730726,0.725074341165849
"deltaTemp",0.904081554107589,0.0683927608370326,0.753219605781526,0.859418506140183,0.914849989195993,0.961344094468013,0.995478232069202
"deltaTemp",0.364872212657989,0.0676576014011043,0.231142420199301,0.329387035251026,0.36765062570066,0.408544016572493,0.478869121399089
"deltaTemp",0.71565696393305,0.155908326999094,0.432840938760276,0.593975625848502,0.709884415665486,0.843979902687205,0.978902625076879
"deltaTemp",0.729500268461849,0.133097906042107,0.502970005999045,0.626382278729251,0.71472579220291,0.828292852874468,0.98267549001207
"deltaTemp",0.230153521793152,0.0611038266466129,0.0538446738739442,0.205043739844732,0.239814498357801,0.268818182095763,0.324364090629121
"deltaTemp",0.882258569206698,0.0830265976232638,0.702832083895371,0.827757749232033,0.898478080265851,0.950827342709451,0.993409464855283
"deltaTemp",0.336500568423546,0.0401819311044784,0.260739690792093,0.308442103810685,0.335398488616569,0.363082164901507,0.41898122154773
"deltaTemp",0.875173887745497,0.0842109605425337,0.690858792168785,0.817012076623629,0.886631674150908,0.943249590007732,0.994105361979807
"deltaTemp",0.316712140057076,0.041190302108124,0.240163145870572,0.286919625498157,0.316734790218807,0.344301410812569,0.397767931932747
"deltaTemp",0.566118783808408,0.0419738100351167,0.488741305561484,0.537378209232145,0.563876808599883,0.593089647426583,0.651932740890023
"deltaTemp",0.391393274242085,0.058082782011364,0.274765346105919,0.356388011041745,0.391128194707415,0.42726851225843,0.509692701130264
"deltaTemp",0.157266231801143,0.0681285905347744,0.0145330865895877,0.110120997755809,0.17197907152101,0.207144856541024,0.260262629035341
"deltaTemp",0.508199467107819,0.0477054405547923,0.421682326475372,0.47591947451068,0.505999830739086,0.538129430508148,0.606529879102832
"deltaTemp",0.238175368475477,0.10161892883989,0.0229386526335969,0.171451900131471,0.254532990633806,0.312012447958438,0.409461889836546
"deltaTemp",0.12138742752045,0.0600078348313543,0.0118628091893571,0.0720156297004685,0.12983825708693,0.166741142537166,0.226519651471188
"deltaTemp",0.261776225550308,0.0504792755024558,0.137286806933389,0.238035649161582,0.267711374366113,0.293592621965577,0.343934966782764
"deltaTemp",0.322547539699154,0.0437628214116439,0.236196142883822,0.295795825641583,0.322467702777847,0.349705125056135,0.409091967208059
"deltaTemp",0.761429494208749,0.108260689456633,0.580737650300827,0.679249217855472,0.748544001779258,0.834787165065763,0.980385341804537
"deltaTemp",0.526175120493512,0.0737680326878038,0.403933536029388,0.480339300036654,0.520795064507523,0.564898505175818,0.686109935021936
"deltaTemp",0.697032352461315,0.104153908906539,0.536094865593808,0.622424437599249,0.679344538161263,0.754216890715728,0.954295913970252
"deltaTemp",0.815054668758267,0.102804515862015,0.625349300371856,0.734775828638875,0.815385877559726,0.896216156433523,0.98890577895268
"deltaTemp",0.314330574418689,0.0441896425721744,0.230283931019663,0.28438261936723,0.313238067845021,0.344354498801657,0.400751322889962
"deltaTemp",0.269212048288894,0.0377969997657065,0.200715176801417,0.242557118382572,0.267565290783823,0.29449723671074,0.348184712390198
"deltaTemp",0.520538689429682,0.0507770215494176,0.430471893053669,0.48415590822176,0.518534758867819,0.555034103292776,0.624320201472782
"deltaTemp",0.395361349168095,0.0758515462132167,0.242368109049357,0.352268861636007,0.39623885042417,0.441658264926309,0.539400733670342
"deltaTemp",0.674844795693274,0.110620462334645,0.500873258186367,0.59588815696567,0.658371774322419,0.740214168893365,0.948902499304761
"deltaTemp",0.156929660092926,0.0847437918286077,0.00920482285338066,0.0845897497534525,0.167230372377551,0.223977874484554,0.302504787857172
"deltaTemp",0.722976077528067,0.0799065001848165,0.594094112896971,0.667240407426239,0.712679701134306,0.766766951983458,0.918916274397895
"deltaTemp",0.657327575723978,0.110076671302989,0.477172351092011,0.580423335795008,0.640659644284497,0.720943989053952,0.908062893376576
"deltaTemp",0.74774223987564,0.0942989961822835,0.594126884939127,0.678343275687517,0.733663566792203,0.804711301208454,0.973421825664072
"deltaTemp",0.370010582544615,0.0501490373737726,0.269370182657872,0.337924819591195,0.369757688641626,0.401719267127775,0.468503203197196
"deltaTemp",0.0867556176083931,0.051059218811369,0.00495142088644276,0.0450479202625636,0.0833189803207929,0.125827064293222,0.187067011590887
"deltaTemp",0.235190567552901,0.0598716303129102,0.0437598149382488,0.213591434701728,0.243090956214632,0.271096979492432,0.320741963081776
"deltaTemp",0.603526605651857,0.113620573242759,0.431373982136417,0.524479833869446,0.585809408721188,0.660636877549443,0.895432621909513
"deltaTemp",0.08961911889567,0.0500583632521608,0.00555228917667834,0.0487352030435023,0.0883458829979553,0.128886024616489,0.182556448046798
"deltaTemp",0.808737269667017,0.11378161454967,0.58307786902913,0.723392431263123,0.815142237434748,0.902125230850504,0.988986614211337
"deltaTemp",0.27993380269194,0.04276016376862,0.188341512239456,0.254795534452407,0.281112578008791,0.307888937017428,0.357942032849149
"deltaTemp",0.726263721278138,0.128131965457343,0.507942477129963,0.626975388827487,0.716539073852104,0.818317674887961,0.971462252447054
"deltaTemp",0.857812834770546,0.0939376597608732,0.658275156873862,0.790849963753677,0.868017459267562,0.936742052288203,0.991761505763375
"deltaTemp",0.114988958044532,0.0612182169355572,0.00750236124222903,0.0635814524855936,0.120003510761315,0.163719291887014,0.220759778038538
"deltaTemp",0.324653609659294,0.0409963194752903,0.24578576457278,0.297422547766711,0.324097701141079,0.350265748093605,0.407958245767566
"deltaTemp",0.514824626200633,0.114019585567098,0.340770126179566,0.443366053305217,0.49720284864084,0.562735033160807,0.831285930053952
"deltaTemp",0.0899712793091967,0.0514205816443314,0.00681167749683,0.0482313481966223,0.0882591100371181,0.129975960877358,0.18531221849211
"deltaTemp",0.109563979239988,0.0621208616899431,0.0102552621294078,0.0563113646123999,0.108739245808952,0.157649236157322,0.226771593390262
"deltaTemp",0.184520568908017,0.0671108742772702,0.0211590009038847,0.154918207299713,0.199737714291443,0.23098566965927,0.283141165892474
"deltaTemp",0.889058917543768,0.0769600559185619,0.722198320782846,0.836806731888546,0.899211964099875,0.95315517401139,0.995841260866152
"deltaTemp",0.782692739651013,0.107449479576352,0.585767606095163,0.701067049726828,0.776820089935297,0.869188104405633,0.97276003733127
"deltaTemp",0.386545790682381,0.0357730859649546,0.316454507083537,0.363946772867948,0.385660474107058,0.408950812337084,0.456025067537315
"deltaTemp",0.346432452490888,0.0853439257086556,0.116674026112272,0.304548760822917,0.354179597965345,0.40033313989424,0.488779382973368
"deltaTemp",0.7078139523278,0.12692389793361,0.50032949780729,0.611815936848816,0.690715601301801,0.789103194713913,0.974786363709972
"deltaTemp",0.877701970495404,0.082526087499402,0.696027583996119,0.822864916403923,0.888342662301166,0.945123558157227,0.995491476955632
"deltaTemp",0.80209571606691,0.106530206400608,0.598473232495399,0.722988641192073,0.804508857990158,0.886226919654842,0.984086561274885
"deltaTemp",0.887326973453915,0.0722986767821021,0.742882376114789,0.834498645060937,0.895722848213813,0.946743987174818,0.9961920447845
"deltaTemp",0.728100185506314,0.12017044978894,0.534579558314389,0.636196089786218,0.709601268868771,0.807286036713999,0.979096728558016
"deltaTemp",0.0932418288403926,0.0517125516122361,0.00708953717301041,0.0514445541013921,0.0928784439119553,0.130843984592423,0.188705352543862
"deltaTemp",0.82791343404691,0.0995261558872887,0.633287603935182,0.75351738312674,0.83321395991655,0.90912204478983,0.990004684836234
"deltaTemp",0.0700136462793187,0.0412019552808168,0.00416388792263015,0.0362471328585477,0.0687626975771531,0.100836968781287,0.15025208521914
"deltaTemp",0.084241255079445,0.0494069164871439,0.00633155359085221,0.0436013429370646,0.0818779003988168,0.119835022866796,0.185442788118913
"deltaTemp",0.643856342896844,0.0672620957931696,0.557196292860187,0.600883906504748,0.630712951199505,0.6679691035477,0.84477144909884
"deltaTemp",0.539912105732446,0.0472470475635999,0.453337818027628,0.508127193222452,0.537965466911146,0.568798352301156,0.638703623676864
"deltaTemp",0.581587283858882,0.0557524210869448,0.480256451003477,0.543566756542415,0.579793094938135,0.616481040446813,0.698354522115503
"deltaTemp",0.455070830497045,0.0506920158403848,0.36117626254403,0.421519540108705,0.453554402860962,0.486577086142247,0.559656645526815
"deltaTemp",0.204630482760516,0.0718307125557911,0.0254744946161073,0.169461976949447,0.218961350926722,0.255015531061236,0.309241447424302
"deltaTemp",0.173673059473393,0.0780513633235441,0.0151974445412921,0.116331558439295,0.190534326263328,0.233088559795934,0.294651362147943
"deltaTemp",0.111842970290227,0.0590897570830158,0.00885254489152748,0.064649664447057,0.114348711178283,0.157626248169358,0.22021448104219
"deltaTemp",0.937515674115435,0.0471074453696777,0.824988889754227,0.909286458623491,0.947215470612509,0.975655501134925,0.997012342410919
"deltaTemp",0.0876864734959034,0.0512184613559405,0.00558675539968196,0.0459167448430052,0.0841770416999602,0.126417483956878,0.188053683470822
"deltaTemp",0.161067050984335,0.0615757399233424,0.0175590390133251,0.128727462264588,0.172338212001739,0.205271409122435,0.260227564667273
"deltaTemp",0.801724501592538,0.122862400141749,0.558987493075189,0.707695797618321,0.80935298869119,0.907354908118241,0.992350572464435
"deltaTemp",0.388981132254816,0.0404785724195943,0.312005598975051,0.361912798404978,0.388401085908811,0.415771319405028,0.469246341231342
"deltaTemp",0.115544418316472,0.0697142157207485,0.00722907904706068,0.0544049022381176,0.113138080626106,0.172049350127197,0.24538231215443
"deltaTemp",0.774424214699794,0.117496949536735,0.563287079612238,0.686440325881222,0.76933453757397,0.86273939453448,0.98893174485205
"deltaTemp",0.715187894656631,0.116703329847839,0.523370361358585,0.627966239163626,0.699990283897049,0.78943233887628,0.971503004148106
"deltaTemp",0.833453305029322,0.102256068350788,0.631595273768755,0.756526970364779,0.840404340871532,0.915921920186131,0.993603548423245
"deltaTemp",0.358023761962635,0.0456950152330909,0.263775155202981,0.328612604368875,0.35779156445022,0.387645044460485,0.448956763784393
"deltaTemp",0.394160068288425,0.125720221167576,0.11440637901313,0.324202343712417,0.391451589736283,0.462473818902537,0.645519787972291
"deltaTemp",0.459241437746821,0.0460080001802764,0.378382683775079,0.427660571122232,0.457169019421985,0.486950104761374,0.562049635793085
"deltaTemp",0.667978606140752,0.11233894160679,0.494128703235161,0.585048059261184,0.651096221132465,0.733071870275724,0.922327127743407
"deltaTemp",0.866425727490198,0.0950060452485812,0.65932403516347,0.801095383922185,0.880927310222121,0.945881612794379,0.995630123268458
"deltaTemp",0.772407437724045,0.124892071321553,0.546782093152026,0.674743857169654,0.768108242058678,0.874326576884487,0.987843645857736
"deltaTemp",0.146967575189479,0.0701249949963276,0.0105822186479603,0.0930080288394259,0.158336884117092,0.200811844650011,0.262429614837498
"deltaTemp",0.302203498915115,0.046447669584331,0.218403924477721,0.275160865393938,0.303906239916674,0.330404010048802,0.387663930147456
"deltaTemp",0.336238826870651,0.076488445559558,0.119709043919045,0.301876542033865,0.342851323945234,0.38343106866074,0.46383279615725
"deltaTemp",0.815725705582781,0.104472894766869,0.615506166678521,0.737533209312428,0.814784111467961,0.902897362172753,0.98762993643087
"deltaTemp",0.348515716352826,0.0536071815133518,0.233254005827362,0.316011776362602,0.350501208707895,0.383861498630674,0.44904567353483
"deltaTemp",0.803551068511926,0.126457883434801,0.544883346479267,0.710646677300697,0.815404736245492,0.908730609010201,0.992981016493696
"deltaTemp",0.311136169979136,0.0368207267703552,0.245083831337297,0.286492668036354,0.308175743954637,0.334412482754775,0.392465678147623
"deltaTemp",0.164867596659273,0.0801363531507938,0.00851185365561205,0.104014449742264,0.177916027120061,0.226285155005875,0.293987509135896
"deltaTemp",0.890194014744729,0.0725481226701085,0.739717493857641,0.838665726701521,0.898548390154057,0.951518922940943,0.99504402638871
"deltaTemp",0.851506792360155,0.0999423477765445,0.642341051402715,0.777773311142887,0.862582015846979,0.938306347818177,0.993203161433222
"deltaTemp",0.658441919583353,0.0886409607201436,0.516047543126329,0.59635812199201,0.64792900722232,0.706212287714826,0.874034992565592
"deltaTemp",0.571841383891638,0.0549951344046438,0.476869907505614,0.533970866531192,0.566824045849994,0.605395242620044,0.693434973125914
"deltaTemp",0.388116882914846,0.0498305368813773,0.294499927846527,0.35476604890884,0.387382617858743,0.422211357652462,0.486321716570154
"deltaTemp",0.787694267156635,0.127380666718964,0.537874368438592,0.692428258484064,0.795818245971663,0.892348081166367,0.986848753747193
"deltaTemp",0.807188289062227,0.0885702933676631,0.649651389836712,0.740769392472206,0.80056360803497,0.872652104081268,0.981177875725442
"deltaTemp",0.157228525184258,0.0826727486077183,0.00768247211120926,0.0878027560020168,0.169642668342921,0.222498509570425,0.293479192408171
"deltaTemp",0.0920037533182519,0.0601179482978648,0.00429931119559758,0.0403965523591112,0.0871217790757426,0.136086327777448,0.214184452491181
"deltaTemp",0.297584975279825,0.061302681826265,0.140072727718472,0.270090807943782,0.305724006594536,0.336913133572799,0.392625616417585
"deltaTemp",0.882134805689362,0.0755705722728155,0.718493015944356,0.831776660149451,0.890314460455263,0.941721228378923,0.99390871251337
"deltaTemp",0.697924481793244,0.118111930604751,0.511870517669257,0.609670972306836,0.680137864673586,0.772015738989808,0.960619598592944
"deltaTemp",0.843912465750914,0.103714902687867,0.634137072921285,0.768591632895558,0.85524426372116,0.931854547352375,0.995051728896254
"deltaTemp",0.144924967772961,0.0803047103292529,0.00641489972031862,0.0787813437714105,0.151444431519065,0.208242983332229,0.285457591340047
"deltaTemp",0.642837355994138,0.0689830831147769,0.527686116548624,0.595782135938443,0.635832131619418,0.680336041067895,0.804947499912508
"deltaTemp",0.305769004826604,0.0422422851309132,0.230827525233919,0.275273590889879,0.303554224361174,0.334931594027091,0.394819977140373
"deltaTemp",0.106895879684344,0.0623078403140616,0.00567075847324948,0.0546381902859847,0.108453966877464,0.154893858598937,0.22062723768199
"deltaTemp",0.844865429541129,0.103770975818297,0.628456322729989,0.768301233737718,0.859996098720006,0.93184937479544,0.993683647728194
"deltaTemp",0.673208464985649,0.0915320610987264,0.52480197479832,0.612105510893599,0.661004490275603,0.724225564294282,0.892099664691276
"deltaTemp",0.32805528834229,0.0414304951304576,0.250617601424299,0.299036700097647,0.326547759562905,0.356038069758602,0.413215353659981
"deltaTemp",0.21563269076457,0.0488762146340299,0.0710303129008074,0.192295758212396,0.217981785420057,0.245720612274513,0.30111244261814
"deltaTemp",0.31549851824541,0.0402363442636952,0.240028143582454,0.288542908735235,0.314102281497357,0.341421568662258,0.397258240594135
"deltaTemp",0.0776962385285318,0.0473735920142916,0.00472653988968425,0.0387505575824475,0.0761356081977882,0.11185940543903,0.173956982642754
"deltaTemp",0.820148956925665,0.114432418766066,0.579476616594447,0.737237626072333,0.830642169151559,0.916738576343708,0.991278065319401
"deltaTemp",0.180001882133068,0.0917006281704272,0.0100266412317642,0.107617555541341,0.189827550542381,0.250658741762266,0.338795217410788
"deltaTemp",0.879767415531026,0.0797354706299171,0.716304028073483,0.822281157841888,0.89023652865007,0.947674545864011,0.995593040303231
"deltaTemp",0.241265736042746,0.0390415125922967,0.167443131022821,0.216568435778803,0.240585737091152,0.266351584737324,0.316529984568024
"deltaTemp",0.412480561092244,0.0309510574360885,0.35664923618048,0.391987257660585,0.410097801383727,0.430614840423381,0.476965701537685
"deltaTemp",0.104149919306557,0.0569011813859172,0.00763345097866918,0.0574400630188662,0.106680944968814,0.149657391435433,0.207107229973159
"deltaTemp",0.114914435950158,0.0603333074921569,0.00832103498749449,0.06691455034658,0.122927053785398,0.161533630033246,0.220225165571493
"deltaTemp",0.200278690823108,0.0906463535059727,0.0183019084179202,0.136766719532709,0.214842730601576,0.267035659557171,0.348709752032925
"deltaTemp",0.417345618856438,0.109056657448705,0.219568795130568,0.355436491421424,0.410691769826349,0.471489062331799,0.677893932451145
"deltaTemp",0.0763703195058864,0.0448402926102658,0.00596390375485563,0.0392386197515776,0.0743742369692446,0.109806227714765,0.167514189772902
"deltaTemp",0.398775808633377,0.043380551255429,0.317631476966069,0.369028086029364,0.396859299501614,0.426459302273372,0.488072227651794
"deltaTemp",0.130422049389532,0.0810003382655099,0.00616036082995008,0.0633789092304289,0.125348722700282,0.190181737662237,0.29039645712223
"deltaTemp",0.167091261087203,0.0720628942968623,0.0155661852303826,0.120331503636659,0.181754997028591,0.22174227811318,0.276546326894274
"deltaTemp",0.155976386388865,0.0571423324722567,0.0208321420965173,0.127255392437331,0.167521479923971,0.195236704896322,0.247048759252199
"deltaTemp",0.720213816125536,0.0826552373339769,0.594585516150876,0.663333026475875,0.705228428887602,0.763649338238219,0.937562855818765
"deltaTemp",0.236160081438082,0.0733500857608067,0.0379395174393548,0.20449527296428,0.251609626608042,0.285574371875217,0.341206231763082
"deltaTemp",0.614299256667514,0.0519532151942669,0.526748421691079,0.577919566358063,0.609109713347798,0.645692850307315,0.725809844306305
"deltaTemp",0.466952263634414,0.040924484482096,0.391252781355116,0.438248134491029,0.464712826178216,0.493331543986069,0.55075464370169
"deltaTemp",0.864830931800835,0.0970177918656739,0.647600593767583,0.800610326261119,0.877981704328871,0.946108201866834,0.996064506446604
"deltaTemp",0.796666538453178,0.110934248815067,0.58585073260617,0.71193588369793,0.797000120736921,0.883589140449917,0.986952356999336
"deltaTemp",0.909580044765582,0.064005805480775,0.763374957423688,0.867753572063337,0.921429701451375,0.961419150245598,0.995687997029437
"deltaTemp",0.612712033368563,0.0700963621104163,0.496608171908793,0.566085840909603,0.606241724339586,0.650071110038021,0.773048476193982
"deltaTemp",0.626772935393762,0.0633158060154438,0.518732654633832,0.582085661113041,0.622097974488607,0.66350646153051,0.770011835426625
"deltaTemp",0.307713395438516,0.0576003432639317,0.18921192693568,0.276937014326252,0.310790905854746,0.34518232487796,0.407994441797071
"deltaTemp",0.155399466561689,0.0840702406168565,0.00814327337591626,0.0854862176849764,0.163673967706481,0.224188783077075,0.294388508022132
"deltaTemp",0.0881339414688684,0.0530396773074785,0.00516338526127619,0.0430876734846785,0.0863176547408692,0.128155411354616,0.190995114050812
"deltaTemp",0.14017209334758,0.0695039232652352,0.0078606092688063,0.0854877629795888,0.151063677028316,0.193948249743604,0.256218717426501
"deltaTemp",0.888216697100238,0.0740222487961679,0.72581293286705,0.837622137296299,0.896672089513977,0.948535787724151,0.995486240927056
"deltaTemp",0.0923814356131431,0.0552399394976779,0.00654882281809194,0.0460128711045995,0.0888594046881598,0.13282407253586,0.200257989058357
"deltaTemp",0.833364388844771,0.112488131791494,0.603997338983097,0.749527758487559,0.84932312572947,0.928524664319166,0.995607532983331
"deltaTemp",0.368790557681941,0.122161739555125,0.0501771764348345,0.310637491900056,0.378558519930581,0.442468334817637,0.600641901956182
"deltaTemp",0.820364763410487,0.101150934301433,0.623015517661892,0.744368918402115,0.822468352203017,0.902468195301233,0.98719924670698
"deltaTemp",0.530436101349333,0.0566517819967412,0.422293322599764,0.491886526882723,0.528667215449171,0.567915586058415,0.643552454539292
"deltaTemp",0.345044112297123,0.0414536332601952,0.267859113308929,0.315994280809733,0.343105908674708,0.372500416182866,0.428901744248157
"deltaTemp",0.686463375376309,0.131136632476692,0.465836801934778,0.587517700178903,0.668554532977804,0.776728190442663,0.960893977778922
"deltaTemp",0.279649709352188,0.0908288927241907,0.0483994529515806,0.235180829910854,0.295150512375294,0.341455144531968,0.417519756129059
"deltaTemp",0.60488187202467,0.0645027459764254,0.48521657654765,0.562213212598292,0.603033667997766,0.644146900253118,0.737566081031115
"deltaTemp",0.69697249217228,0.119317858820006,0.506071064102835,0.608593607587713,0.678597871091582,0.766403415068768,0.960302384670249
"deltaTemp",0.867762416273412,0.084715451424224,0.693205906637805,0.807376245981055,0.875181667600728,0.936215709677828,0.994541459126375
"deltaTemp",0.183649826635239,0.0603158204593419,0.0233414622694398,0.159322993762725,0.195265348641929,0.221298080625583,0.276414068974691
"deltaTemp",0.451340692930275,0.0501770432871642,0.354503674501115,0.417476298582319,0.450120940320728,0.483438528712056,0.552456642326257
"deltaTemp",0.754117296223693,0.0792781787454446,0.638854207219081,0.697095004629715,0.737471692163617,0.794382228823576,0.965299018300088
"deltaTemp",0.100028194650549,0.0590807763776945,0.00779215606624098,0.0496493783504457,0.0965131269844247,0.146853852455763,0.213237409578841
"deltaTemp",0.678570001094133,0.0794478805153834,0.550086623161282,0.625665521695276,0.667436027441502,0.721570447697532,0.87875675221159
"deltaTemp",0.731158082537571,0.0940141123984265,0.58254201250702,0.664288863599221,0.715530442750597,0.784634749156519,0.959816434054174
"deltaTemp",0.528448006038663,0.0740708860530522,0.404679231698419,0.477886581651563,0.520452238442857,0.57017154418285,0.703074119714816
"deltaTemp",0.69649439826193,0.129875927358701,0.475857492818071,0.597741841483174,0.683795174905104,0.781882276890351,0.96029349056283
"deltaTemp",0.921864965279146,0.0562842765757041,0.794579638452655,0.886123886627356,0.931562419738694,0.967683924295186,0.997434226330789
"deltaTemp",0.666554571305095,0.0963790520921548,0.514503489981256,0.599954820360938,0.653027175557116,0.71911255298637,0.901302122636252
"deltaTemp",0.763379515411075,0.109464508383742,0.573959254567262,0.684420439311469,0.751012224693923,0.839305511661163,0.986321253304403
"deltaTemp",0.31246019733136,0.095412689063198,0.050235819093141,0.268349385259937,0.325379170784411,0.373077868360229,0.466611053383185
"deltaTemp",0.519254643845308,0.0479641225044473,0.432945132890655,0.485896309127855,0.516374076358567,0.549955460298666,0.620060041736195
"deltaTemp",0.227722689997939,0.073160888172882,0.0406333075855232,0.195019164423974,0.242325090979036,0.277700317859166,0.335572838091726
"deltaTemp",0.467287804429834,0.115727391090543,0.279899858034703,0.392958870970682,0.454445415020435,0.52631487180546,0.754873375975603
"deltaTemp",0.0987895765281031,0.0580314276456889,0.00654444273423828,0.0498855437451573,0.097523602043549,0.143779467099342,0.208240628820746
"deltaTemp",0.115151636534828,0.0669541534145504,0.0099215446580575,0.0598727941133508,0.11166328495391,0.163730212927335,0.246657521436733
"deltaTemp",0.643410388150954,0.0712722142367573,0.523398121372436,0.595423485327659,0.636165594805676,0.681711028198072,0.803855907486599
"deltaTemp",0.627054540807117,0.0670970092067862,0.511741978816885,0.581337823892243,0.620851289057832,0.665373723202751,0.781900963889989
"deltaTemp",0.0791867813744082,0.0477215526525016,0.00445963798984713,0.0399252445292209,0.0757301129387413,0.115136115990754,0.175369253711044
"deltaTemp",0.736051393558966,0.131781390795818,0.509535153621203,0.630385472856397,0.728101134472525,0.840198164989831,0.97786863424484
"deltaTemp",0.569177661094332,0.0494048934226587,0.479968545608036,0.535775768593441,0.567559834250421,0.601099053241807,0.665555916207966
"deltaTemp",0.82193682833856,0.117760853552618,0.574419546224982,0.734798245447048,0.835256665637311,0.923226832736638,0.994516878339776
"deltaTemp",0.684834883793551,0.124144225592627,0.488098542891392,0.593029591238932,0.66677450921815,0.765996502839494,0.963569412743635
"deltaTemp",0.157886371346796,0.0629470514458152,0.0178978886332749,0.123685224497285,0.171395025433143,0.202047709090101,0.255655768093359
"deltaTemp",0.130022986838618,0.0711217367316683,0.00810114099492225,0.0701653904375485,0.133666748155456,0.186899482718045,0.250927158090565
"deltaTemp",0.087074976332055,0.0535454884588687,0.00412676988412029,0.0438036056350719,0.083428259897284,0.12654834641474,0.195571760603729
"deltaTemp",0.73462635028236,0.104675004208318,0.561667856269441,0.658679833216956,0.721019836655651,0.805266104091624,0.963396648666282
"deltaTemp",0.673844306827141,0.0853036877620777,0.539202983270396,0.617005616715714,0.661550189866897,0.718354195360159,0.892141416337783
"deltaTemp",0.180613987991449,0.0907705602984675,0.00720040323150643,0.108903019150924,0.196390938706295,0.250023386244854,0.32732846892784
"deltaTemp",0.335742122256884,0.040908522194728,0.259862955452842,0.307159922711574,0.334564148191873,0.362177012542217,0.422321457272879
"deltaTemp",0.348862338699298,0.056230312285289,0.241017562329071,0.315562404634188,0.349790933844526,0.385353502692844,0.45145879527178
"deltaTemp",0.0836157739496098,0.047792500604503,0.00566613969386486,0.0449329171145106,0.0828393804734471,0.119158318274003,0.1760019583722
"deltaTemp",0.119589293994919,0.0669423900672835,0.00794427579435154,0.0646231181634693,0.117183205556633,0.1726337625397,0.247439531744497
"deltaTemp",0.165841021019287,0.0752518259067902,0.0177039664024191,0.109457902789767,0.17767856617552,0.224854622781138,0.285722345420104
"deltaTemp",0.817623571094987,0.109015887740538,0.593007286261324,0.738813804593923,0.825793126452737,0.90400416858096,0.987955327008901
"deltaTemp",0.297615704247362,0.0736907639191639,0.0505026079878203,0.270657527319102,0.305226796479038,0.342846578076713,0.40801208477915
"deltaTemp",0.17997625103857,0.0834769856538164,0.00970660432035461,0.119967251203094,0.201570167381596,0.241714112683923,0.306887418812124
"deltaTemp",0.10565671997078,0.0599319946651318,0.00682703288065628,0.0547191889432039,0.105913921523646,0.153439622319822,0.217421194036779
"deltaTemp",0.784378445220292,0.0969469910788408,0.614100426796814,0.712469500265034,0.778289326799086,0.854279419079445,0.972690684443379
"deltaTemp",0.544357792999918,0.0509891980972183,0.443103094608976,0.511318469955073,0.544906120407109,0.578258580917958,0.644441847537109
"deltaTemp",0.520670623630341,0.0802279956028351,0.388358150288129,0.465845304334257,0.51153904900293,0.565291961322385,0.706919892857751
"deltaTemp",0.809730048442737,0.112788055398122,0.589689649365406,0.729314107659057,0.814003250126904,0.9047107175728,0.988136178594824
"deltaTemp",0.805386645628496,0.0992094125898511,0.628931765786029,0.72662421664913,0.800345323292443,0.886129545677153,0.982933603701479
"deltaTemp",0.389581540820653,0.0495213065647292,0.293643706315963,0.354841046730688,0.389221551650768,0.421894518533607,0.489318442074835
"deltaTemp",0.0994270778991796,0.0533331639521381,0.00840320333846212,0.0547384225819407,0.100420945323437,0.142061565312158,0.196298251159212
"deltaTemp",0.236113119403476,0.0787751256657873,0.0327677789468647,0.202010689072799,0.250976810690286,0.28787793490646,0.354664393307592
"deltaTemp",0.86670285102862,0.0808958384398562,0.699184068640611,0.808026230616746,0.872682963022019,0.931331415016195,0.993089640567509
"deltaTemp",0.838145350838778,0.100225904263025,0.637265143962767,0.765058906204937,0.847037873068426,0.919957836086109,0.992092457121557
"deltaTemp",0.088034037169555,0.0512690782927474,0.00725187861919301,0.04600256537115,0.0867318566225392,0.126613713178499,0.186142063270312
"deltaTemp",0.486554445180588,0.0517151791688198,0.391243659583652,0.450393292046446,0.48392415967483,0.520031017815194,0.593030265519819
"deltaTemp",0.552563324416588,0.0623617963970938,0.439453266955596,0.508663381002681,0.548864970630153,0.590577957678831,0.681878252918454
"deltaTemp",0.742517854252736,0.127107337536867,0.521182928326358,0.641058321313357,0.729223269030378,0.84310526018185,0.976750808697573
"deltaTemp",0.135425073275023,0.0669604293531159,0.0103987382916137,0.0839950379770352,0.144052145512461,0.187638312031516,0.246604419086583
"deltaTemp",0.504653784733842,0.0634153417698946,0.388969445496818,0.46297921881503,0.500909945156461,0.543767136043166,0.636442335401273
"deltaTemp",0.139925740131641,0.0849629837875256,0.00762676519205577,0.0709056598185406,0.13418049012492,0.199424139648317,0.310137130969155
"deltaTemp",0.806740545695095,0.116761593452358,0.580780925834654,0.716830049843555,0.813970852763342,0.90326906382871,0.989617135193294
"deltaTemp",0.388704203873192,0.104106843781852,0.154230540652619,0.336447462773478,0.386869848435544,0.438521417194051,0.601948622081966
"deltaTemp",0.24716914239075,0.0409087949402026,0.159113176193192,0.225357582000328,0.250139572900616,0.272034058070626,0.31964432998328
"deltaTemp",0.107274027049402,0.0642290021814477,0.00725205573319857,0.0550474367258592,0.101641291124218,0.153868554249298,0.23806662606113
"deltaTemp",0.107964032205523,0.0611177586970125,0.00831500550849216,0.0574718341163391,0.106839437377922,0.156347399462376,0.221201730762257
"deltaTemp",0.709536301396894,0.115770179013411,0.515158739850927,0.622304299855796,0.693320130445032,0.785961522375433,0.964623579675061
"deltaTemp",0.222271354337914,0.0384260521134288,0.149697241474621,0.198783252531465,0.222404781112623,0.246732723541376,0.293683391253628
"deltaTemp",0.870635351505888,0.08679882331212,0.680358300440365,0.813870874107809,0.883930969300291,0.942401583049719,0.99176234021153
"deltaTemp",0.458310852066404,0.0773902200513841,0.323600968822586,0.406084408758512,0.456958376058697,0.504918787142845,0.62359743290939
"deltaTemp",0.84883518310788,0.102552508895038,0.620634008241989,0.778938108470283,0.863500566135493,0.934304498527363,0.992964550567645
"deltaTemp",0.37410859038534,0.0359400063425521,0.306080452816844,0.350767124611584,0.372523404963078,0.39673459254314,0.449388332724739
"deltaTemp",0.0871349604624895,0.0499225784272075,0.00556628007523598,0.0463877212196023,0.0863021586519421,0.124717843269085,0.183915984377788
"deltaTemp",0.651717442262552,0.0944509234675546,0.500898937427042,0.585561463651137,0.636998526042668,0.701161353726529,0.881930474629771
"deltaTemp",0.647645963612419,0.0625549015090783,0.548691288496291,0.606131169448206,0.641018491089768,0.679997640695726,0.793165392766716
"deltaTemp",0.787854919057754,0.123362185102066,0.555566897689522,0.691061070919297,0.790686970933615,0.89323287292405,0.98653179558735
"deltaTemp",0.235458536785563,0.0481694613980086,0.106586589660875,0.212076890929469,0.239196523467883,0.265352132006568,0.313502807344541
"deltaTemp",0.882706847737953,0.0821463484721029,0.69815557214613,0.831670948931373,0.895574589452989,0.949714703204313,0.994231366834298
"deltaTemp",0.346353650547899,0.048846871322777,0.247499336539331,0.314683479823165,0.346953413501282,0.378935886555048,0.441041438823428
"deltaTemp",0.877193689210888,0.0717794984895938,0.727514571962431,0.826218864933391,0.881282443638567,0.935027160718795,0.99190575542129
"deltaTemp",0.856010874308732,0.0929723692672887,0.66609164078772,0.790955690745318,0.866764494060559,0.933719263685793,0.991265169499883
"deltaTemp",0.852734075581651,0.0893002064781211,0.672046757055862,0.789341923577739,0.858483274956003,0.926461566855336,0.989905745634086
"deltaTemp",0.129961008088562,0.0659774974281746,0.00709956612093075,0.0758472778761071,0.141779598990262,0.181434510754012,0.23694178981566
"deltaTemp",0.143234663100123,0.060978994473419,0.0108907127722983,0.108430260584962,0.158332502325435,0.186790868467409,0.233385498601011
"deltaTemp",0.264171104391753,0.0384845598062251,0.197035067172425,0.237738192035071,0.261175073688474,0.288568243876089,0.344984654637075
"deltaTemp",0.531931172256528,0.0687053427239051,0.406440720848536,0.485480598364814,0.525986803909377,0.571503492834329,0.689216385697515
"deltaTemp",0.184572070486444,0.0869477164189681,0.00958326796428491,0.122834283920079,0.201586346290597,0.251290006864557,0.317760363048202
"deltaTemp",0.771749369743739,0.0894576850568515,0.632196770688557,0.703748495831388,0.757346980103696,0.831446281878708,0.961842334445004
"deltaTemp",0.78715774318027,0.116088389517116,0.579150137805368,0.699150089433916,0.778681501143604,0.881411576234513,0.989765456550842
"deltaTemp",0.383052427168455,0.0461414139382104,0.299915302817579,0.351228178171612,0.38118130893148,0.410692804988547,0.478738165025416
"deltaTemp",0.504945967645071,0.16496317565797,0.225481727582528,0.394239250284889,0.478656929930897,0.59078661443611,0.895967390497211
"deltaTemp",0.189868243675894,0.076453519564887,0.0208756535694579,0.143316621459278,0.205815255719663,0.244898730187379,0.306822406487348
"deltaTemp",0.452122436980419,0.0875260273862101,0.298018160142645,0.401045219439255,0.448325407032849,0.500703388992472,0.630267423594395
"deltaTemp",0.497432455719977,0.0567580856116112,0.403165726914532,0.458666247621338,0.491450917403471,0.530729076018909,0.622585555597021
"deltaTemp",0.27080462673057,0.0808004940605109,0.0523905656287687,0.231546724540152,0.283931339040828,0.326238360459775,0.39373837751835
"deltaTemp",0.857571282333082,0.0897554010803905,0.672658138449169,0.794861023366718,0.865788173256372,0.930411595364817,0.99249019159835
"deltaTemp",0.841176581798168,0.0825038845126289,0.689527043841832,0.780105013257798,0.839901574191924,0.90423767739079,0.9915297554002
"deltaTemp",0.818305578278008,0.111246364749451,0.598134182887024,0.736647459716134,0.82749673891242,0.91064970155404,0.990397210604908
"deltaTemp",0.383589110487825,0.0424736182676471,0.302192276061861,0.354342819707415,0.381860435282216,0.412865593006873,0.468129401013789
"deltaTemp",0.880958056876297,0.0848781648459573,0.693828847872885,0.823060130999219,0.895481352824416,0.950898491932325,0.995243875781065
"deltaTemp",0.0729079842117176,0.0443693672056393,0.00354959091593565,0.0362590632691011,0.0695139296315009,0.105168902361837,0.161350481288099
"deltaTemp",0.74116865576991,0.142073767946893,0.479252651625277,0.634086044976447,0.734833392705768,0.855723157977477,0.985539024036664
"deltaTemp",0.879587331250719,0.0672189831037486,0.749557472115118,0.830561230881803,0.883467799653915,0.932862270812396,0.990440102745345
"deltaTemp",0.521246830197806,0.0483129842447135,0.430046031263007,0.488220544747422,0.51987077028226,0.552532232801015,0.616332194407495
"deltaTemp",0.913171943059283,0.0684450473118246,0.748940752543638,0.870667676564869,0.927415096214607,0.97014004318167,0.997849577941178
"deltaTemp",0.34415200576303,0.065752337864201,0.204211273555604,0.308332955728607,0.347632672823079,0.385746020819679,0.459532676881579
"deltaTemp",0.45545207225857,0.0524588027081253,0.358006065616941,0.4191538373307,0.453669112312515,0.490836238900671,0.562031550208447
"deltaTemp",0.782497614998987,0.130935232952108,0.536936775158416,0.680034667809884,0.787050694803831,0.8937436189544,0.989660578485302
"deltaTemp",0.241681571129279,0.0379564654248098,0.172854596267713,0.216786053562667,0.239984158059384,0.266843584078879,0.318790764002113
"deltaTemp",0.809429740056589,0.112155844004091,0.591904701826889,0.72779879928528,0.812958507322448,0.901268880437184,0.990515345418839
"deltaTemp",0.15775397031474,0.0796368442942011,0.0107019265139303,0.0945368012455253,0.166998215416735,0.218649717918261,0.291265422923725
"deltaTemp",0.50791224702021,0.0641677980017761,0.392893333378528,0.463986439845581,0.502818141196091,0.547517673572513,0.647592391007164
"deltaTemp",0.910438006195911,0.0678299807234341,0.752828772943564,0.867101194966455,0.925024856212821,0.96502986601484,0.997392681627651
"deltaTemp",0.795119721502142,0.0997478234053088,0.619051346315777,0.71916652035247,0.784657072556694,0.868560370556607,0.99009632914527
"deltaTemp",0.468128071958655,0.0467990538561119,0.378661194101784,0.436728273855652,0.467073062790196,0.49757770980412,0.564213421083026
