"","alpha","gamma","luce"
"",0,0,0
"alpha",0.0216829625977031,-0.00193204327372101,-0.0271553733969419
"gamma",-0.00193204327372101,0.00904273858196127,0.0013573039654574
"luce",-0.0271553733969419,0.0013573039654574,0.0493726839444655
"alpha",0.0388914554865261,-0.00201479208689403,-0.0393856276544929
"gamma",-0.00201479208689403,0.00991184736325732,0.00118838296738197
"luce",-0.0393856276544929,0.00118838296738197,0.0576976958501528
"alpha",0.0336231544494314,-0.00192258032454406,-0.0347812840224784
"gamma",-0.00192258032454406,0.0023388149952385,0.00339393341910183
"luce",-0.0347812840224784,0.00339393341910183,0.0541963470005478
"alpha",0.0103114853994193,2.70762473563472e-05,-0.00212389209422633
"gamma",2.70762473563472e-05,0.015230955605542,0.000256067898639802
"luce",-0.00212389209422633,0.000256067898639802,0.00649217967443311
"alpha",0.02654634364939,-0.00226969113162529,-0.0301147913427658
"gamma",-0.00226969113162529,0.00177908924035404,0.00326563217000815
"luce",-0.0301147913427658,0.00326563217000815,0.0477052916968915
"alpha",0.0285621192117487,-0.000894175821120389,-0.0134015804545568
"gamma",-0.000894175821120389,0.00886288963899217,0.000687693887202338
"luce",-0.0134015804545568,0.000687693887202338,0.0160522423741787
"alpha",0.0305168977453849,-0.00257886178046512,-0.0298412726346533
"gamma",-0.00257886178046512,0.00953952823230451,0.001225308614216
"luce",-0.0298412726346533,0.001225308614216,0.0410242565960499
"alpha",0.0230411093859605,-0.000185918072613441,-0.0207892950058639
"gamma",-0.000185918072613441,0.00474293208570881,0.00352798004666015
"luce",-0.0207892950058639,0.00352798004666015,0.0266969743828808
"alpha",0.0395344164341316,0.000245266834497174,-0.0371049261431107
"gamma",0.000245266834497174,0.00485969070514313,0.00306042852159517
"luce",-0.0371049261431107,0.00306042852159517,0.0471532859009907
"alpha",0.0268170866698997,0.00103088753500375,-0.0277022665652377
"gamma",0.00103088753500375,0.00465608544870734,0.00227623464387711
"luce",-0.0277022665652377,0.00227623464387711,0.0408333608193514
"alpha",0.00348327744985903,-0.000248592490679388,-0.0039180153770748
"gamma",-0.000248592490679388,0.000661873998279542,0.000541892543284172
"luce",-0.0039180153770748,0.000541892543284172,0.0137097829888676
"alpha",0.0505270793444775,0.000297045732442545,-0.0486510687883368
"gamma",0.000297045732442545,0.0040835188580307,0.00212372249072003
"luce",-0.0486510687883368,0.00212372249072003,0.0559426697448721
"alpha",0.00804897563603693,-0.000656578109623955,-0.0101027186988282
"gamma",-0.000656578109623955,0.000672966447073245,0.00130081543578706
"luce",-0.0101027186988282,0.00130081543578706,0.0226266702691882
"alpha",0.00807054775412397,-0.00112766721686128,-0.00987207718334761
"gamma",-0.00112766721686128,0.00543482191678998,0.00101982759655993
"luce",-0.00987207718334761,0.00101982759655993,0.0226341085141871
"alpha",0.00867699405604149,-0.000691461679530137,-0.00176963061232114
"gamma",-0.000691461679530137,0.0168508311443479,0.000257755524060065
"luce",-0.00176963061232114,0.000257755524060065,0.00554636562614347
"alpha",0.0291985770811082,-0.00371860186712912,-0.0289553632100769
"gamma",-0.00371860186712912,0.015680426888506,0.00250846459518142
"luce",-0.0289553632100769,0.00250846459518142,0.0501421047155451
"alpha",0.00563003039163098,-0.000436632640574053,-0.00524137694633618
"gamma",-0.000436632640574053,0.000609322182676821,0.000734399659115641
"luce",-0.00524137694633618,0.000734399659115641,0.0118903473293679
"alpha",0.0142050146652667,0.00309616283084815,-0.00259896129321068
"gamma",0.00309616283084815,0.00819062891662987,0.00211238347994648
"luce",-0.00259896129321068,0.00211238347994648,0.00697008603470316
"alpha",0.0228989421900539,-0.000282515705829463,-0.0249710841071668
"gamma",-0.000282515705829463,0.00338614961194868,0.00222576221891114
"luce",-0.0249710841071668,0.00222576221891114,0.0361068594201189
"alpha",0.0263082680639801,-0.00334575319403548,-0.0179635111826623
"gamma",-0.00334575319403548,0.0157745547226055,0.00206202750594086
"luce",-0.0179635111826623,0.00206202750594086,0.0305291073605625
"alpha",0.00436500806622594,-0.000365443219083725,-0.00661242434781745
"gamma",-0.000365443219083725,0.00407472363676427,-0.000126614499573926
"luce",-0.00661242434781745,-0.000126614499573926,0.0208589960972643
"alpha",0.0081255888978201,-0.00196552339976499,-0.0106468511752336
"gamma",-0.00196552339976499,0.00730874752329394,0.00143832771164405
"luce",-0.0106468511752336,0.00143832771164405,0.0253634339626068
"alpha",0.0133290331615187,-0.00289813168067109,-0.0137728316381701
"gamma",-0.00289813168067109,0.00955441592022424,0.00208561198611862
"luce",-0.0137728316381701,0.00208561198611862,0.0274793411543224
"alpha",0.040621117895513,0.000222562443999227,-0.0425729851438147
"gamma",0.000222562443999227,0.00453505661839456,0.00288104947684713
"luce",-0.0425729851438147,0.00288104947684713,0.0546622227698693
"alpha",0.0188351390735297,-0.000339272534981282,-0.0180759502818365
"gamma",-0.000339272534981282,0.00140511550995545,0.00243778894581331
"luce",-0.0180759502818365,0.00243778894581331,0.0266712919832158
"alpha",0.020476080277053,0.00427952208869455,-0.00428982766870171
"gamma",0.00427952208869455,0.00911505784425401,0.00269433139396912
"luce",-0.00428982766870171,0.00269433139396912,0.00947949742340155
"alpha",0.0167517297177237,8.66775528767868e-05,-0.0164387442783606
"gamma",8.66775528767868e-05,0.00270141080763145,0.000931297185931803
"luce",-0.0164387442783606,0.000931297185931803,0.0239711780486577
"alpha",0.0334420626998883,-0.000980317098072076,-0.0350135922176235
"gamma",-0.000980317098072076,0.00178046664781664,0.00415323904415914
"luce",-0.0350135922176235,0.00415323904415914,0.0540133942954756
"alpha",0.0420749007442466,-0.000213359404667727,-0.033990689246382
"gamma",-0.000213359404667727,0.00564383298491729,0.00488562554697671
"luce",-0.033990689246382,0.00488562554697671,0.0378568747885131
"alpha",0.0136986445166059,-0.000977354400138088,-0.00316261167914587
"gamma",-0.000977354400138088,0.021288322365494,-0.000103892680544142
"luce",-0.00316261167914587,-0.000103892680544142,0.00771356089102192
"alpha",0.0211035470396849,-3.4347121033433e-07,-0.00543957235559814
"gamma",-3.4347121033433e-07,0.0120089208023361,-0.000105396338922175
"luce",-0.00543957235559814,-0.000105396338922175,0.00845263621686837
"alpha",0.0323244344001357,5.15272910639764e-06,-0.0156836988391225
"gamma",5.15272910639764e-06,0.00255669073880037,0.00109095319137371
"luce",-0.0156836988391225,0.00109095319137371,0.0155845730661668
"alpha",0.0318878796582542,0.000108583541192156,-0.0339432596308933
"gamma",0.000108583541192156,0.00279477325123368,0.000861004976228396
"luce",-0.0339432596308933,0.000861004976228396,0.0435202954705392
"alpha",0.0307924973987869,-0.00317212945394567,-0.0202173403926075
"gamma",-0.00317212945394567,0.0141736084537151,0.00114246262845157
"luce",-0.0202173403926075,0.00114246262845157,0.031419396468774
"alpha",0.0150790233138563,-0.000853687696415689,-0.016476503698733
"gamma",-0.000853687696415689,0.00344495329139296,0.00345399122657398
"luce",-0.016476503698733,0.00345399122657398,0.0436606450300669
"alpha",0.0237645587453226,-0.00489812764262643,-0.024680473303216
"gamma",-0.00489812764262643,0.0143173827521193,0.00302780774687162
"luce",-0.024680473303216,0.00302780774687162,0.0456532228214528
"alpha",0.0203351126721183,-0.00258704252566988,-0.0198327998344334
"gamma",-0.00258704252566988,0.0127509742880702,0.00272927689573068
"luce",-0.0198327998344334,0.00272927689573068,0.0454412364934897
"alpha",0.00914683918599358,-0.000560063782468096,-0.0114275150387565
"gamma",-0.000560063782468096,0.000539650519373199,0.00135580642506397
"luce",-0.0114275150387565,0.00135580642506397,0.0242857684590864
"alpha",0.0246237119693729,-0.00334537754877809,-0.0260687129936544
"gamma",-0.00334537754877809,0.00594996889580237,0.00275901258449126
"luce",-0.0260687129936544,0.00275901258449126,0.0429879479117628
"alpha",0.0299464934349751,-0.00320802099423899,-0.0151109680966667
"gamma",-0.00320802099423899,0.0163071009540411,0.0003664084193466
"luce",-0.0151109680966667,0.0003664084193466,0.0218149800369676
"alpha",0.0274796752986391,-0.00190569979039601,-0.0279161636771823
"gamma",-0.00190569979039601,0.00483325001027772,0.00247097359940954
"luce",-0.0279161636771823,0.00247097359940954,0.0518904204281087
"alpha",0.0337626439504337,3.27999631122928e-05,-0.0306632378881438
"gamma",3.27999631122928e-05,0.00396382559019311,0.00145582685255001
"luce",-0.0306632378881438,0.00145582685255001,0.0338089956038368
"alpha",0.0386782993089102,-0.00487713202525395,-0.0242359378698624
"gamma",-0.00487713202525395,0.0080364984236747,0.00230978331527579
"luce",-0.0242359378698624,0.00230978331527579,0.0281778193292572
"alpha",0.0124796875880116,-0.0033194259232995,-0.0128705615580875
"gamma",-0.0033194259232995,0.00740144864214172,0.0026895724069104
"luce",-0.0128705615580875,0.0026895724069104,0.0261156566484495
"alpha",0.0400532057771502,-0.00163281117925017,-0.0369757094432642
"gamma",-0.00163281117925017,0.0021707889721108,0.00301666316611863
"luce",-0.0369757094432642,0.00301666316611863,0.0506638384784558
"alpha",0.0333255936029856,-0.00239627382375667,-0.0287640537697161
"gamma",-0.00239627382375667,0.0098188649778102,0.00178814180276169
"luce",-0.0287640537697161,0.00178814180276169,0.0376577838488185
"alpha",0.0123427786265601,-0.00259842207093602,-0.0152440099468032
"gamma",-0.00259842207093602,0.00830364831293098,0.0021125773470583
"luce",-0.0152440099468032,0.0021125773470583,0.0310462027731494
"alpha",0.0289998097539076,-0.00120690895917258,-0.0157008146270594
"gamma",-0.00120690895917258,0.0093074035736529,0.000546752350672759
"luce",-0.0157008146270594,0.000546752350672759,0.0174535821363051
"alpha",0.00961642855141057,-0.000213331535515926,-0.0106669212696632
"gamma",-0.000213331535515926,0.000413944492906516,0.00104365174105943
"luce",-0.0106669212696632,0.00104365174105943,0.0217501352788192
"alpha",0.0118575672159888,-0.000277530877089998,-0.0129155488179585
"gamma",-0.000277530877089998,0.00268006184253386,0.00225327353972259
"luce",-0.0129155488179585,0.00225327353972259,0.0361719155040013
"alpha",0.0270966572205672,-0.00115401230892822,-0.0291201902284802
"gamma",-0.00115401230892822,0.00174060707095017,0.00282373227625442
"luce",-0.0291201902284802,0.00282373227625442,0.0498304355494934
"alpha",0.0492955690055299,-8.98232575789267e-05,-0.0472192577733015
"gamma",-8.98232575789267e-05,0.00348718703462612,0.0012666329357621
"luce",-0.0472192577733015,0.0012666329357621,0.053465044008398
"alpha",0.0143206459652967,-0.0034834584099832,-0.0176034077354297
"gamma",-0.0034834584099832,0.00942521944224048,0.00278817033310211
"luce",-0.0176034077354297,0.00278817033310211,0.0334646776463797
"alpha",0.0313523912745846,-0.00206963973317981,-0.0301544778642437
"gamma",-0.00206963973317981,0.00225700025571478,0.0022741824992488
"luce",-0.0301544778642437,0.0022741824992488,0.0396908960250022
"alpha",0.0121814146355781,-0.000775066874021668,-0.0150248338977605
"gamma",-0.000775066874021668,0.000611600296270808,0.00174202894792679
"luce",-0.0150248338977605,0.00174202894792679,0.0277789820813767
"alpha",0.0303289612112555,-0.00189174649588578,-0.0215718467576194
"gamma",-0.00189174649588578,0.00727686988192711,0.00261308111055595
"luce",-0.0215718467576194,0.00261308111055595,0.0343588741434955
"alpha",0.0241438499045525,-0.00131854889920753,-0.0244256374424123
"gamma",-0.00131854889920753,0.00176806194984489,0.00277600627957381
"luce",-0.0244256374424123,0.00277600627957381,0.0401193419460062
"alpha",0.0393069612612158,-0.000436513060934073,-0.0395621897106757
"gamma",-0.000436513060934073,0.00185658679905572,0.0037716431182404
"luce",-0.0395621897106757,0.0037716431182404,0.0561681859112722
"alpha",0.013808157555056,-0.000526124193191418,-0.0153302247306708
"gamma",-0.000526124193191418,0.00667293663020005,0.00852621917455474
"luce",-0.0153302247306708,0.00852621917455474,0.0406495194634492
"alpha",0.0320838581248373,0.000706666465165068,-0.0336985769228322
"gamma",0.000706666465165068,0.00465462380850819,0.00218751230085429
"luce",-0.0336985769228322,0.00218751230085429,0.0471794960082231
"alpha",0.0315486822227065,-0.000915658343018883,-0.0332417786682015
"gamma",-0.000915658343018883,0.00434185325440879,0.00515927998669803
"luce",-0.0332417786682015,0.00515927998669803,0.0466253259272019
"alpha",0.0092145086622032,-0.00178876131954939,-0.00802988013638611
"gamma",-0.00178876131954939,0.00764187162848284,0.000712315666275071
"luce",-0.00802988013638611,0.000712315666275071,0.0171347586109794
"alpha",0.0222223164869452,-0.00239396586342579,-0.0256541439304876
"gamma",-0.00239396586342579,0.00251653517041266,0.00303577851343296
"luce",-0.0256541439304876,0.00303577851343296,0.0431832633741148
"alpha",0.0304277681725568,-0.00477488510941649,-0.0294669571257241
"gamma",-0.00477488510941649,0.0127838265720516,0.00246628121065875
"luce",-0.0294669571257241,0.00246628121065875,0.0410857859099645
"alpha",0.0194144716730143,0.000725563933828641,-0.01283023716895
"gamma",0.000725563933828641,0.00697189818548855,0.00687923114499663
"luce",-0.01283023716895,0.00687923114499663,0.0300926708983581
"alpha",0.0241143082952789,0.000334829717162926,-0.0255026413669945
"gamma",0.000334829717162926,0.00336452088190713,0.00136979484150347
"luce",-0.0255026413669945,0.00136979484150347,0.0353667018932132
"alpha",0.0158921124508914,-0.00383064775690367,-0.0180017451450817
"gamma",-0.00383064775690367,0.00851190345211178,0.00286627050364311
"luce",-0.0180017451450817,0.00286627050364311,0.0332563422409963
"alpha",0.0319976610839827,-0.00102089238897389,-0.0341782538914535
"gamma",-0.00102089238897389,0.000907453721087193,0.00265655746841725
"luce",-0.0341782538914535,0.00265655746841725,0.0477092706460006
"alpha",0.0330953089929173,-0.000197417698385761,-0.0223147310960533
"gamma",-0.000197417698385761,0.00748005245129569,0.000143947277414156
"luce",-0.0223147310960533,0.000143947277414156,0.0285967635282936
"alpha",0.0245267322771974,-0.00322567420451075,-0.0270007187655243
"gamma",-0.00322567420451075,0.0110119909388459,0.00164009613562433
"luce",-0.0270007187655243,0.00164009613562433,0.0404002153767782
"alpha",0.0238828017141108,0.000551832726261227,-0.0258137917258854
"gamma",0.000551832726261227,0.0026677823319355,0.000401665766486155
"luce",-0.0258137917258854,0.000401665766486155,0.0357869181256987
"alpha",0.0179444204973183,-0.00337364641956409,-0.0218563466799655
"gamma",-0.00337364641956409,0.0104780929206435,0.001925092994409
"luce",-0.0218563466799655,0.001925092994409,0.041236664252674
"alpha",0.0306370693554568,-0.00228507331989111,-0.0167805275638111
"gamma",-0.00228507331989111,0.0134204837562137,0.000279893413019294
"luce",-0.0167805275638111,0.000279893413019294,0.0258916269579646
"alpha",0.00578879310710741,-0.000674700376395876,-0.00610019791232924
"gamma",-0.000674700376395876,0.000973798886952084,0.000903709350051142
"luce",-0.00610019791232924,0.000903709350051142,0.0143210805028026
"alpha",0.0269501498839737,-0.0024263736260517,-0.0122540605297476
"gamma",-0.0024263736260517,0.0138299376808558,0.00122935960429982
"luce",-0.0122540605297476,0.00122935960429982,0.0206120107197053
"alpha",0.00646666560792384,-0.000219584992538693,-0.00878082932094728
"gamma",-0.000219584992538693,0.00341814121898334,-5.16665870386465e-05
"luce",-0.00878082932094728,-5.16665870386465e-05,0.0231743816581552
"alpha",0.018548364970289,-0.000122528792379428,-0.020181086601369
"gamma",-0.000122528792379428,0.00271630948240158,0.00344452100849212
"luce",-0.020181086601369,0.00344452100849212,0.0339409995319749
"alpha",0.0172557057338179,-0.00166730930411659,-0.0202890175966605
"gamma",-0.00166730930411659,0.00187398580668012,0.00229089951419798
"luce",-0.0202890175966605,0.00229089951419798,0.0365622065998305
"alpha",0.0376598861374527,-0.00687042656855179,-0.0234679578113784
"gamma",-0.00687042656855179,0.0186589205203809,0.00263192926873843
"luce",-0.0234679578113784,0.00263192926873843,0.0294988453977369
"alpha",0.00951174110750873,0.000191093857189233,-0.00385089198219605
"gamma",0.000191093857189233,0.00519790673132442,0.00144471663088274
"luce",-0.00385089198219605,0.00144471663088274,0.00870374586594803
"alpha",0.00472040267430421,-0.000602254479466667,-0.00630546408963892
"gamma",-0.000602254479466667,0.00142358739660675,0.00073475052548471
"luce",-0.00630546408963892,0.00073475052548471,0.0196267273279311
"alpha",0.032207982815237,-0.00150193752877042,-0.0166618871691931
"gamma",-0.00150193752877042,0.00908989201200311,0.000833541330568367
"luce",-0.0166618871691931,0.000833541330568367,0.0174910681953264
"alpha",0.022629959512656,-0.000580898938348541,-0.0226652361222701
"gamma",-0.000580898938348541,0.00118450842285471,0.00208864862644421
"luce",-0.0226652361222701,0.00208864862644421,0.0374084897621568
"alpha",0.0136911547407013,-0.000551321621672124,-0.0107346460560719
"gamma",-0.000551321621672124,0.00677328029281131,0.00245142846015243
"luce",-0.0107346460560719,0.00245142846015243,0.0325587137575496
"alpha",0.0140472258515555,0.000768100648329421,-0.00781812083456543
"gamma",0.000768100648329421,0.00710725652184722,0.00372607591641264
"luce",-0.00781812083456543,0.00372607591641264,0.0168792370102402
"alpha",0.00494676742280815,-0.000470461932605372,-0.00379143004210962
"gamma",-0.000470461932605372,0.00110262340112979,0.00054133663406766
"luce",-0.00379143004210962,0.00054133663406766,0.00967905015497399
"alpha",0.0110970656946908,-0.00157878936424041,-0.00431066355276677
"gamma",-0.00157878936424041,0.0191768048417039,0.000885101536803798
"luce",-0.00431066355276677,0.000885101536803798,0.0124343104540076
"alpha",0.0279204420046266,0.000383856877674387,-0.0298499555754225
"gamma",0.000383856877674387,0.0036740299402783,0.00162968051284296
"luce",-0.0298499555754225,0.00162968051284296,0.0414628929509131
"alpha",0.0476173862569622,0.000622365266403213,-0.0460895707363594
"gamma",0.000622365266403213,0.00372380771208595,0.00113720858403893
"luce",-0.0460895707363594,0.00113720858403893,0.0541798122622636
"alpha",0.0438219868969192,-0.000325349745337366,-0.0405566881922672
"gamma",-0.000325349745337366,0.0035828184642103,0.00544250431058058
"luce",-0.0405566881922672,0.00544250431058058,0.0562046766452148
"alpha",0.00968086698100091,-0.00119938017003652,-0.00958871987897087
"gamma",-0.00119938017003652,0.00207661218957393,0.000986291082042295
"luce",-0.00958871987897087,0.000986291082042295,0.0194357736472614
"alpha",0.0206804837305214,-0.00442358324592673,-0.0123555372995653
"gamma",-0.00442358324592673,0.0144406798513601,0.0010278582277215
"luce",-0.0123555372995653,0.0010278582277215,0.0139431032042893
"alpha",0.0366782997518339,-0.00602185747246969,-0.0268865849821752
"gamma",-0.00602185747246969,0.0129969251150875,0.00267887516699395
"luce",-0.0268865849821752,0.00267887516699395,0.0310976972011851
"alpha",0.0179749944682935,-0.000830565050352253,-0.0200504723753574
"gamma",-0.000830565050352253,0.00091339802574933,0.0019854116633584
"luce",-0.0200504723753574,0.0019854116633584,0.0349197894027541
"alpha",0.0463098749253133,0.000188149016617457,-0.0394450459917664
"gamma",0.000188149016617457,0.0025935218056925,0.00349693077105435
"luce",-0.0394450459917664,0.00349693077105435,0.0487663528882954
"alpha",0.0194736751836668,-0.00325300917160932,-0.0199294364850174
"gamma",-0.00325300917160932,0.0107761121119814,0.00176551739954281
"luce",-0.0199294364850174,0.00176551739954281,0.0360930970673585
"alpha",0.005156828939309,-0.000773441862450057,-0.00480852524853368
"gamma",-0.000773441862450057,0.00215969483717355,0.000632228337003062
"luce",-0.00480852524853368,0.000632228337003062,0.0121216232434076
"alpha",0.0143317981832199,-0.00122401556792916,-0.0108350037115454
"gamma",-0.00122401556792916,0.0116790867048839,-0.000313352762004904
"luce",-0.0108350037115454,-0.000313352762004904,0.0144788882443743
"alpha",0.0233367822275791,0.00046810692812338,-0.0252471925836328
"gamma",0.00046810692812338,0.00338577298604104,0.00118164083707814
"luce",-0.0252471925836328,0.00118164083707814,0.0363367384805845
"alpha",0.0254558011756947,-0.00398556385651437,-0.0259990773505751
"gamma",-0.00398556385651437,0.00769329859523187,0.00339794975479488
"luce",-0.0259990773505751,0.00339794975479488,0.0454504441192022
"alpha",0.0217912402375997,-0.00452142590066278,-0.0220461631616536
"gamma",-0.00452142590066278,0.00994237582814868,0.00245540730528415
"luce",-0.0220461631616536,0.00245540730528415,0.038842565751808
"alpha",0.0178214210058767,-0.00123648741452104,-0.00331511153271061
"gamma",-0.00123648741452104,0.0204130493243213,0.000192256945314939
"luce",-0.00331511153271061,0.000192256945314939,0.00654273321540548
"alpha",0.0237298437473065,-0.000965225759232647,-0.0103401427980597
"gamma",-0.000965225759232647,0.0097056790489245,0.000606941029255463
"luce",-0.0103401427980597,0.000606941029255463,0.0170423988816084
"alpha",0.0248650564833996,-0.000398179742617939,-0.0206155720251247
"gamma",-0.000398179742617939,0.00628150395884165,0.00808453588649067
"luce",-0.0206155720251247,0.00808453588649067,0.0414715876443383
"alpha",0.0235142003248493,-0.00125223181671764,-0.0259005542528332
"gamma",-0.00125223181671764,0.0063644210186548,0.000604977600278191
"luce",-0.0259005542528332,0.000604977600278191,0.0454074711573587
"alpha",0.0376152773729191,0.00107764269634261,-0.0294350001006697
"gamma",0.00107764269634261,0.00552487374986643,0.00317231909936781
"luce",-0.0294350001006697,0.00317231909936781,0.0319491899654296
"alpha",0.0283476660898709,5.05121904416564e-05,-0.0290408654684325
"gamma",5.05121904416564e-05,0.00538595111638051,0.0062667903070756
"luce",-0.0290408654684325,0.0062667903070756,0.0494547805126696
"alpha",0.0411903497322819,-0.000621713884432809,-0.0391363730808441
"gamma",-0.000621713884432809,0.00448401399813515,0.00335304332486711
"luce",-0.0391363730808441,0.00335304332486711,0.045058972928388
"alpha",0.0159214396571572,0.000530950943986002,-0.0128004691057785
"gamma",0.000530950943986002,0.00115713240350939,0.00125034305597469
"luce",-0.0128004691057785,0.00125034305597469,0.0228453437836151
"alpha",0.0217890709058378,0.00212441979799156,-0.0101882630914201
"gamma",0.00212441979799156,0.00700413461073801,0.00532068579635181
"luce",-0.0101882630914201,0.00532068579635181,0.0228697232090638
"alpha",0.00769259471517355,-0.00105459397097904,-0.00738703423034633
"gamma",-0.00105459397097904,0.00207402013392829,0.00103257000122575
"luce",-0.00738703423034633,0.00103257000122575,0.0160432733927017
"alpha",0.022162345646437,-0.00115607039869685,-0.0258668905059722
"gamma",-0.00115607039869685,0.000862801259665234,0.00234958891542079
"luce",-0.0258668905059722,0.00234958891542079,0.041837306847374
"alpha",0.0268859728705037,0.000846002441347855,-0.0276675938755326
"gamma",0.000846002441347855,0.00437982816870415,0.00363637643772367
"luce",-0.0276675938755326,0.00363637643772367,0.0413269127334807
"alpha",0.00894964711647908,-0.000294022886930862,-0.00132045353630163
"gamma",-0.000294022886930862,0.018150718405079,-1.54771206169414e-05
"luce",-0.00132045353630163,-1.54771206169414e-05,0.00475921561861463
"alpha",0.0209629734845503,0.000721002215129007,-0.0210546013113499
"gamma",0.000721002215129007,0.00466104231568672,0.00266509792571918
"luce",-0.0210546013113499,0.00266509792571918,0.0331559368149818
"alpha",0.0368506534465421,-0.00371676987944493,-0.0352427032919784
"gamma",-0.00371676987944493,0.0124808231663834,0.00119383009195778
"luce",-0.0352427032919784,0.00119383009195778,0.0520259995486029
"alpha",0.0341854742478506,-0.000605330489528666,-0.0336053106385629
"gamma",-0.000605330489528666,0.00562947533791217,0.00680224788520833
"luce",-0.0336053106385629,0.00680224788520833,0.0502888549073425
"alpha",0.00948205019394242,-0.00291469506290009,-0.00903070203979208
"gamma",-0.00291469506290009,0.00960880412676388,0.00157054989924929
"luce",-0.00903070203979208,0.00157054989924929,0.0186993726197029
"alpha",0.01602428813218,-0.00186586047634964,-0.0172677841890156
"gamma",-0.00186586047634964,0.0131956735123747,0.000949271235149434
"luce",-0.0172677841890156,0.000949271235149434,0.0471035343951189
"alpha",0.0309941274684691,-0.000333901676712584,-0.031798704216383
"gamma",-0.000333901676712584,0.00280334980701407,0.00141392477056758
"luce",-0.031798704216383,0.00141392477056758,0.0402621706028348
"alpha",0.0291155907103303,0.00057363624837023,-0.030416325081531
"gamma",0.00057363624837023,0.0041787659630206,0.00185281492407762
"luce",-0.030416325081531,0.00185281492407762,0.0409470060831438
"alpha",0.0443401167252447,-0.000164340726216158,-0.0452159521033859
"gamma",-0.000164340726216158,0.00413908526715701,0.00302986796387037
"luce",-0.0452159521033859,0.00302986796387037,0.0569420139576892
"alpha",0.0394254519652551,-0.00489193903669614,-0.0378172730089969
"gamma",-0.00489193903669614,0.0116936135771974,0.00318080331989527
"luce",-0.0378172730089969,0.00318080331989527,0.0535445601555489
"alpha",0.0351517373493751,0.000734749539242167,-0.023089774547304
"gamma",0.000734749539242167,0.00567546918301741,0.0021829545706072
"luce",-0.023089774547304,0.0021829545706072,0.0231725672275684
"alpha",0.0350421561542387,-0.00398619798376857,-0.0208582179682582
"gamma",-0.00398619798376857,0.00710960130264489,0.00203047965240942
"luce",-0.0208582179682582,0.00203047965240942,0.0232178054457419
"alpha",0.0275324250597593,-0.00181244622517051,-0.0298562309182657
"gamma",-0.00181244622517051,0.00221074313249354,0.00273947021689267
"luce",-0.0298562309182657,0.00273947021689267,0.0480396419525542
"alpha",0.0339462145340883,-0.00301053727819496,-0.0363980860703478
"gamma",-0.00301053727819496,0.00842801969153772,0.00289137193362059
"luce",-0.0363980860703478,0.00289137193362059,0.0549053331006338
"alpha",0.0311626324486691,-0.00128896028857147,-0.0319993535616201
"gamma",-0.00128896028857147,0.00103734609773079,0.00293145755317461
"luce",-0.0319993535616201,0.00293145755317461,0.0434368657583712
"alpha",0.0210888427810028,0.000363080294557783,-0.0227279208443259
"gamma",0.000363080294557783,0.00503093898009295,0.00349514387052781
"luce",-0.0227279208443259,0.00349514387052781,0.0380843030336321
"alpha",0.0375559037865362,-0.00103216804639845,-0.0394501341198133
"gamma",-0.00103216804639845,0.00171640685654462,0.00423920670013356
"luce",-0.0394501341198133,0.00423920670013356,0.0571538361664349
"alpha",0.0184205456671862,-0.00347058970503605,-0.0188930665748296
"gamma",-0.00347058970503605,0.0105418803280167,0.00180460744226133
"luce",-0.0188930665748296,0.00180460744226133,0.0351857878650127
"alpha",0.0300670968833681,-0.0025902403490382,-0.0310595872569547
"gamma",-0.0025902403490382,0.00433941004160599,0.00338341328363907
"luce",-0.0310595872569547,0.00338341328363907,0.0508112687246931
"alpha",0.0108198582209926,-0.00034036182907157,-0.00415676090391599
"gamma",-0.00034036182907157,0.0137341379688812,-4.37673219471129e-05
"luce",-0.00415676090391599,-4.37673219471129e-05,0.0129772584328202
"alpha",0.0088196660531303,-0.00181413616913317,-0.0077029061132687
"gamma",-0.00181413616913317,0.0102510904665421,-0.000325952161666913
"luce",-0.0077029061132687,-0.000325952161666913,0.0128622499367111
"alpha",0.0340115308223594,3.58444309429593e-05,-0.0362387515879074
"gamma",3.58444309429593e-05,0.00341779665353476,0.001694477672188
"luce",-0.0362387515879074,0.001694477672188,0.0470414598478734
"alpha",0.032012373993037,-0.00164182065742963,-0.0236415207601008
"gamma",-0.00164182065742963,0.00922046226895827,0.00114407712086221
"luce",-0.0236415207601008,0.00114407712086221,0.0302662539513034
"alpha",0.0317828862898917,-0.00217808440238405,-0.0217008627034922
"gamma",-0.00217808440238405,0.00962215413665948,0.000815654597998195
"luce",-0.0217008627034922,0.000815654597998195,0.0258394910600647
"alpha",0.0392250333887418,0.000254917059143227,-0.0405099166023857
"gamma",0.000254917059143227,0.00444942610059336,0.00296840889985799
"luce",-0.0405099166023857,0.00296840889985799,0.0527292251349609
"alpha",0.0267178712601002,-0.00207844421980123,-0.0291336691477868
"gamma",-0.00207844421980123,0.0109645866834837,0.00165339969123101
"luce",-0.0291336691477868,0.00165339969123101,0.0500706128439349
"alpha",0.00201652433277984,-0.000141644723834766,-0.00147275934577517
"gamma",-0.000141644723834766,0.000542525285680766,0.000379031387168376
"luce",-0.00147275934577517,0.000379031387168376,0.00838542985216958
"alpha",0.0419203805436602,-1.72430726695255e-05,-0.0434877381883846
"gamma",-1.72430726695255e-05,0.00333105342337068,0.00152577002030007
"luce",-0.0434877381883846,0.00152577002030007,0.0539292418888677
"alpha",0.0254162903145593,0.000282513373775998,-0.0271417396390924
"gamma",0.000282513373775998,0.00305036417113788,0.000864790568343562
"luce",-0.0271417396390924,0.000864790568343562,0.0375386726839424
"alpha",0.0214458626629351,-5.08525765145662e-05,-0.0229671995747932
"gamma",-5.08525765145662e-05,0.00386057204539706,0.00404775037124643
"luce",-0.0229671995747932,0.00404775037124643,0.0362804525815288
"alpha",0.0066616448884047,-0.00094357001270732,-0.00675770502149566
"gamma",-0.00094357001270732,0.00170052740819203,0.0010279266682408
"luce",-0.00675770502149566,0.0010279266682408,0.015534360295378
"alpha",0.0344792599872629,-0.000142372858426751,-0.0322454194758436
"gamma",-0.000142372858426751,0.0051702574977015,0.00375597553078587
"luce",-0.0322454194758436,0.00375597553078587,0.0435765505080293
"alpha",0.0427235450612525,0.000508764119288826,-0.0376392921824557
"gamma",0.000508764119288826,0.00482770398361298,0.00579635741400859
"luce",-0.0376392921824557,0.00579635741400859,0.0534435879507871
"alpha",0.00316545856703346,-0.000474793365685009,-0.00341305387489253
"gamma",-0.000474793365685009,0.00107629735232297,0.000578546728685175
"luce",-0.00341305387489253,0.000578546728685175,0.013201926370549
"alpha",0.0279955010767392,-0.00284710192362625,-0.0311856943282579
"gamma",-0.00284710192362625,0.00956105175497234,0.00276912579254487
"luce",-0.0311856943282579,0.00276912579254487,0.0502128084399808
"alpha",0.0041807835698139,-0.000506275160156702,-0.00589691892202542
"gamma",-0.000506275160156702,0.00119308501321982,0.00072824191309245
"luce",-0.00589691892202542,0.00072824191309245,0.0188283680019154
"alpha",0.0148618305281173,-0.00178644100768541,-0.0139794545751951
"gamma",-0.00178644100768541,0.0109211349323377,0.000775922178947456
"luce",-0.0139794545751951,0.000775922178947456,0.0293037997906253
"alpha",0.0111772462726845,0.000265408211032152,-0.010008982264596
"gamma",0.000265408211032152,0.00124762681468351,0.0017086028520448
"luce",-0.010008982264596,0.0017086028520448,0.0198968903165588
"alpha",0.0163788883244786,0.000102645401419487,-0.0167425874494383
"gamma",0.000102645401419487,0.00167693602915413,0.00248772251290959
"luce",-0.0167425874494383,0.00248772251290959,0.0296378043585635
"alpha",0.0208672873407185,0.000836908925721426,-0.0207743641776877
"gamma",0.000836908925721426,0.00549042179400614,0.003423467554798
"luce",-0.0207743641776877,0.003423467554798,0.0337109925178703
"alpha",0.0161831374605312,-0.00326374275291765,-0.0175393731214043
"gamma",-0.00326374275291765,0.00942235604031553,0.00171558380617296
"luce",-0.0175393731214043,0.00171558380617296,0.0284034688310875
"alpha",0.0215505534365258,-0.00195942088400857,-0.0199175527964394
"gamma",-0.00195942088400857,0.00183574196059645,0.00229638888998222
"luce",-0.0199175527964394,0.00229638888998222,0.027238777125485
"alpha",0.0165167015251916,-0.00110833706840726,-0.0186101172745809
"gamma",-0.00110833706840726,0.00131438858187578,0.00187746229335908
"luce",-0.0186101172745809,0.00187746229335908,0.0320263929470948
"alpha",0.0165032352611551,-0.0010891254594044,-0.0221829669389421
"gamma",-0.0010891254594044,0.00470277831629915,0.000722587225777616
"luce",-0.0221829669389421,0.000722587225777616,0.0420631336627259
"alpha",0.0174470052439303,-0.00319434300291692,-0.0199239662297676
"gamma",-0.00319434300291692,0.00942843822001443,0.00256091921149291
"luce",-0.0199239662297676,0.00256091921149291,0.0367935380625356
"alpha",0.0325625728978906,-0.00607913755246632,-0.0251963822194858
"gamma",-0.00607913755246632,0.0112857903000704,0.00352902560137109
"luce",-0.0251963822194858,0.00352902560137109,0.0296735903234846
"alpha",0.0192465353993606,0.00139809673932459,-0.0111933094324951
"gamma",0.00139809673932459,0.00771327969134082,0.00559812504974048
"luce",-0.0111933094324951,0.00559812504974048,0.0225766702398797
"alpha",0.0149774264462727,-0.00173788709621889,-0.00312550489699027
"gamma",-0.00173788709621889,0.0254894288443786,0.000900493159755506
"luce",-0.00312550489699027,0.000900493159755506,0.00749739618988835
"alpha",0.00899997649538582,-0.00145344527729798,-0.0128258252876797
"gamma",-0.00145344527729798,0.00943417772869959,0.000985301977368551
"luce",-0.0128258252876797,0.000985301977368551,0.0300596700059961
"alpha",0.0240192158763734,-0.00292738507728136,-0.0217808051538406
"gamma",-0.00292738507728136,0.00530854978601263,0.00156497943458068
"luce",-0.0217808051538406,0.00156497943458068,0.0293028530895583
"alpha",0.0388827064613277,-0.00271843184080467,-0.0339769063115496
"gamma",-0.00271843184080467,0.0126653377555496,0.000662468134384543
"luce",-0.0339769063115496,0.000662468134384543,0.0444399938299224
"alpha",0.0342658989701013,-0.00237799121882839,-0.0360893950339744
"gamma",-0.00237799121882839,0.00674688900042331,0.00215453596220322
"luce",-0.0360893950339744,0.00215453596220322,0.0528808263514241
"alpha",0.0344263863800668,-0.00655252201932747,-0.0360462972519574
"gamma",-0.00655252201932747,0.0112019833007238,0.00477432911264506
"luce",-0.0360462972519574,0.00477432911264506,0.053761607770413
"alpha",0.0258453856304214,0.00206702322977862,-0.0121314781757539
"gamma",0.00206702322977862,0.0069116719906615,0.00251857985101661
"luce",-0.0121314781757539,0.00251857985101661,0.0154216149444698
"alpha",0.017015670612146,0.000980291245887516,-0.0152932119536578
"gamma",0.000980291245887516,0.00165415981548616,0.00165791744094611
"luce",-0.0152932119536578,0.00165791744094611,0.0266324338765143
"alpha",0.0183520324582905,0.000856660109524504,-0.0187238412559775
"gamma",0.000856660109524504,0.0038701551080309,0.00142480253037461
"luce",-0.0187238412559775,0.00142480253037461,0.0285616523036549
"alpha",0.0225721988984431,-0.00105756816693854,-0.015229736871687
"gamma",-0.00105756816693854,0.00937794017362386,-6.4985514598488e-05
"luce",-0.015229736871687,-6.4985514598488e-05,0.0169827055016198
"alpha",0.0206466078238268,-0.00178479464904359,-0.0231787591766808
"gamma",-0.00178479464904359,0.00213163298645123,0.00232595888325632
"luce",-0.0231787591766808,0.00232595888325632,0.0364184063557906
"alpha",0.0214197410595233,-0.00334435450413347,-0.0255003231439043
"gamma",-0.00334435450413347,0.0101894435060105,0.00194523269504266
"luce",-0.0255003231439043,0.00194523269504266,0.042422775052449
"alpha",0.0375931402264277,-0.00141935499272837,-0.0232167711305588
"gamma",-0.00141935499272837,0.00279750298123694,0.00192188795286078
"luce",-0.0232167711305588,0.00192188795286078,0.0256805795782319
"alpha",0.0226493776980005,-0.00249896123879837,-0.0240596538443818
"gamma",-0.00249896123879837,0.00695599546569289,0.00291266909480679
"luce",-0.0240596538443818,0.00291266909480679,0.0474829300179191
"alpha",0.0303340464415313,-0.00225678096748336,-0.0306852976405305
"gamma",-0.00225678096748336,0.00336645372691767,0.00341952364490274
"luce",-0.0306852976405305,0.00341952364490274,0.0516619998893391
"alpha",0.0153943682144462,-0.000641195830109806,-0.00900935242496556
"gamma",-0.000641195830109806,0.00676264352824369,0.000110152584367241
"luce",-0.00900935242496556,0.000110152584367241,0.0104366940795912
"alpha",0.026538838538181,-0.00332841477542934,-0.0307765732895369
"gamma",-0.00332841477542934,0.0107752109423409,0.00216250494374204
"luce",-0.0307765732895369,0.00216250494374204,0.0513885402978784
"alpha",0.0153374784941417,-0.00280703766345773,-0.0146711113580256
"gamma",-0.00280703766345773,0.00996297459469028,0.00148735808394396
"luce",-0.0146711113580256,0.00148735808394396,0.031832999482476
"alpha",0.0346515631449121,-0.000102309241610716,-0.0263465899225338
"gamma",-0.000102309241610716,0.0015061779534667,0.00222360973992837
"luce",-0.0263465899225338,0.00222360973992837,0.0295450714339906
"alpha",0.0300919089931823,0.000126347582454407,-0.0305491568332064
"gamma",0.000126347582454407,0.00199021481396883,0.00324159989495029
"luce",-0.0305491568332064,0.00324159989495029,0.0466467079022015
"alpha",0.0180920316208789,0.00281554917475567,-0.00616125741682126
"gamma",0.00281554917475567,0.00812222579245125,0.00264540381494125
"luce",-0.00616125741682126,0.00264540381494125,0.0113223085755672
"alpha",0.0144305994428607,0.000321773211156364,-0.00409027129019221
"gamma",0.000321773211156364,0.0137950822823856,0.000216095111179692
"luce",-0.00409027129019221,0.000216095111179692,0.00934949746560725
"alpha",0.0178015404815849,-0.00237860361197018,-0.0220584082501887
"gamma",-0.00237860361197018,0.00348716833827631,0.00235334812153169
"luce",-0.0220584082501887,0.00235334812153169,0.0387915440489281
"alpha",0.0298933486640646,-0.00143915906259685,-0.031826036676597
"gamma",-0.00143915906259685,0.00615967928529491,0.00127185854470533
"luce",-0.031826036676597,0.00127185854470533,0.0463070554628091
"alpha",0.0246014358354707,-0.00410768578860026,-0.0286860649382648
"gamma",-0.00410768578860026,0.0129240780972709,0.00279630100447933
"luce",-0.0286860649382648,0.00279630100447933,0.0488832009676302
"alpha",0.028397781811294,-0.000632891672309017,-0.0301130999741294
"gamma",-0.000632891672309017,0.00177341210438839,0.0040060086365659
"luce",-0.0301130999741294,0.0040060086365659,0.048981972102183
"alpha",0.0195626832016073,-0.00235030158967783,-0.0232022631915531
"gamma",-0.00235030158967783,0.00723827689987425,0.00238149032892527
"luce",-0.0232022631915531,0.00238149032892527,0.0424102987813896
"alpha",0.0154579470590161,-0.000522702303605912,-0.0167001333949859
"gamma",-0.000522702303605912,0.014325798515561,-0.0011960200143726
"luce",-0.0167001333949859,-0.0011960200143726,0.0453898231573095
"alpha",0.0450053312369583,0.000325496796035485,-0.0398089119454511
"gamma",0.000325496796035485,0.00487668352902825,0.00483484382928922
"luce",-0.0398089119454511,0.00483484382928922,0.0482792922222306
"alpha",0.0156292748143905,-0.000311680153126609,-0.0157243115888421
"gamma",-0.000311680153126609,0.00155781446959475,0.00238548165219508
"luce",-0.0157243115888421,0.00238548165219508,0.033497858341313
"alpha",0.0411206487796361,-0.000898552863983588,-0.0362921313479767
"gamma",-0.000898552863983588,0.00227462107438417,0.00311740365224751
"luce",-0.0362921313479767,0.00311740365224751,0.0481941118799107
"alpha",0.0282308249072116,-0.00285086560403306,-0.0296778752214364
"gamma",-0.00285086560403306,0.00322414980597172,0.00318465631344829
"luce",-0.0296778752214364,0.00318465631344829,0.0460005882754354
"alpha",0.0104229586099558,-0.00126289306609266,-0.0138200033249755
"gamma",-0.00126289306609266,0.00270651233951477,0.00134701271676394
"luce",-0.0138200033249755,0.00134701271676394,0.0300695726368198
"alpha",0.038795177764705,0.00153667155659551,-0.0250100721477662
"gamma",0.00153667155659551,0.00330484882999391,0.00273201295195129
"luce",-0.0250100721477662,0.00273201295195129,0.0288599558909728
"alpha",0.0240636652464269,-0.000233042240572152,-0.0262696334580019
"gamma",-0.000233042240572152,0.000720604121574481,0.00169250976605979
"luce",-0.0262696334580019,0.00169250976605979,0.0399797329792411
"alpha",0.018210940657391,-0.00265859905938371,-0.023154869446464
"gamma",-0.00265859905938371,0.00713485084689321,0.00238626694074756
"luce",-0.023154869446464,0.00238626694074756,0.0416769879095615
"alpha",0.0245071648766273,-0.00314886033802689,-0.0262957112970581
"gamma",-0.00314886033802689,0.0113678036933487,0.00153623815906552
"luce",-0.0262957112970581,0.00153623815906552,0.039052149086006
"alpha",0.0312772552928506,-0.00267908774089503,-0.0250823861720037
"gamma",-0.00267908774089503,0.00874579528603114,0.00215658450991604
"luce",-0.0250823861720037,0.00215658450991604,0.0400900922875407
"alpha",0.015278935080219,-0.00137659008130411,-0.0178359232829325
"gamma",-0.00137659008130411,0.00163429768802706,0.00199057434892102
"luce",-0.0178359232829325,0.00199057434892102,0.0320192867505964
"alpha",0.030790892773338,-0.000503538930907007,-0.012503884156988
"gamma",-0.000503538930907007,0.00862165604665672,2.03113518837555e-05
"luce",-0.012503884156988,2.03113518837555e-05,0.0119903843248297
"alpha",0.0138537102833565,-0.000521663830841049,-0.0153071045451537
"gamma",-0.000521663830841049,0.000620807690211747,0.00147719210001494
"luce",-0.0153071045451537,0.00147719210001494,0.027290211669834
"alpha",0.0262202774843679,-0.000678112243412267,-0.0192487693443261
"gamma",-0.000678112243412267,0.00152005845115175,0.00128262110027675
"luce",-0.0192487693443261,0.00128262110027675,0.0222284308776674
"alpha",0.0253340736122437,-0.00255532090812869,-0.0265641130247783
"gamma",-0.00255532090812869,0.0108988085724889,0.00166654233998711
"luce",-0.0265641130247783,0.00166654233998711,0.0516045417316666
"alpha",0.017263761164364,-0.000518904716780407,-0.0106591684923185
"gamma",-0.000518904716780407,0.0117935473903333,0.00025666189566737
"luce",-0.0106591684923185,0.00025666189566737,0.0260801042729058
"alpha",0.0292035009127175,-0.00151045119539719,-0.0297399711458037
"gamma",-0.00151045119539719,0.00334235329044806,0.00282990181254968
"luce",-0.0297399711458037,0.00282990181254968,0.0529810464556177
"alpha",0.00880451217744418,-0.00150083650907295,-0.0102737761552032
"gamma",-0.00150083650907295,0.00265911442130789,0.00156487140265228
"luce",-0.0102737761552032,0.00156487140265228,0.0227183757572976
"alpha",0.0114056487795735,0.00098713607660513,-0.00363647110866787
"gamma",0.00098713607660513,0.00927094719933507,0.00240126197820068
"luce",-0.00363647110866787,0.00240126197820068,0.0105323734539601
"alpha",0.00988412970806012,-0.00172633812916481,-0.0061522998787783
"gamma",-0.00172633812916481,0.0157425789907305,-0.000127606488147583
"luce",-0.0061522998787783,-0.000127606488147583,0.0236842527028501
"alpha",0.0179564334277319,0.00027776138377206,-0.0185136904018679
"gamma",0.00027776138377206,0.00305537181684918,0.000979244427572354
"luce",-0.0185136904018679,0.000979244427572354,0.0271435204854351
"alpha",0.0186145241089049,-0.000947389663103084,-0.0193946886010698
"gamma",-0.000947389663103084,0.00716603366406416,0.000316832480918912
"luce",-0.0193946886010698,0.000316832480918912,0.0374491084667132
"alpha",0.00462840213860707,-0.00142758602223996,-0.00461929045524444
"gamma",-0.00142758602223996,0.00491523961754828,0.000831247848937751
"luce",-0.00461929045524444,0.000831247848937751,0.0139197725654853
"alpha",0.0275783780771389,-0.00030280184515719,-0.0302058621793599
"gamma",-0.00030280184515719,0.00219724831401887,0.000927346824947817
"luce",-0.0302058621793599,0.000927346824947817,0.0404138896362492
"alpha",0.0208319435344681,0.00125596172547562,-0.0110986526941707
"gamma",0.00125596172547562,0.00593869411754292,0.00265306097098938
"luce",-0.0110986526941707,0.00265306097098938,0.0164269857335474
"alpha",0.0308452701782415,-0.00447225624789342,-0.0197843549289335
"gamma",-0.00447225624789342,0.0148958153516641,0.00126576510196094
"luce",-0.0197843549289335,0.00126576510196094,0.0229221301304935
"alpha",0.0153558279385898,-0.00124459525939234,-0.0184928671437922
"gamma",-0.00124459525939234,0.00119297361327489,0.00200229875149218
"luce",-0.0184928671437922,0.00200229875149218,0.0338747352501051
"alpha",0.0233545758618078,-0.00240505298409198,-0.0158454122200788
"gamma",-0.00240505298409198,0.0173332885031776,0.000575127198930874
"luce",-0.0158454122200788,0.000575127198930874,0.029383518628734
"alpha",0.0276696095443609,-0.00356819387021629,-0.0241399592354818
"gamma",-0.00356819387021629,0.0175661213273803,0.00101516260870642
"luce",-0.0241399592354818,0.00101516260870642,0.0447661096015826
"alpha",0.0141428167029319,-0.00309630516926803,-0.0169882394201933
"gamma",-0.00309630516926803,0.00678325214430255,0.00270284270785339
"luce",-0.0169882394201933,0.00270284270785339,0.0323610020192597
"alpha",0.025465172601224,-0.000713862708314285,-0.0251428244105722
"gamma",-0.000713862708314285,0.00803500910070015,0.00137488236336346
"luce",-0.0251428244105722,0.00137488236336346,0.0455208077332223
"alpha",0.0264704104349215,-0.000698265311327739,-0.019749137820943
"gamma",-0.000698265311327739,0.00889455233339364,0.000658774568465004
"luce",-0.019749137820943,0.000658774568465004,0.032370692074517
"alpha",0.00646031723708358,0.000388105467307923,-0.00476983991985698
"gamma",0.000388105467307923,0.00344752950293682,0.00153249104450039
"luce",-0.00476983991985698,0.00153249104450039,0.0138848184057053
"alpha",0.0323635799426521,-0.00431480330316345,-0.0336038912475857
"gamma",-0.00431480330316345,0.0141677622967791,0.00254647266679635
"luce",-0.0336038912475857,0.00254647266679635,0.0524878931027138
"alpha",0.00510651753870703,-0.00020830315910586,-0.00442449819240933
"gamma",-0.00020830315910586,0.000485505022286829,0.000550848226956463
"luce",-0.00442449819240933,0.000550848226956463,0.0103742774849187
"alpha",0.0234904668683236,-0.00329877285271183,-0.0247134527543785
"gamma",-0.00329877285271183,0.011099485701571,0.00154473870337402
"luce",-0.0247134527543785,0.00154473870337402,0.0471903787312728
"alpha",0.00904883027804673,-0.000959617846765541,-0.0014720486121208
"gamma",-0.000959617846765541,0.0234547186491329,-2.93845126916929e-05
"luce",-0.0014720486121208,-2.93845126916929e-05,0.00489532189830807
"alpha",0.0147353261191867,-0.000977384057541324,-0.0148201910803648
"gamma",-0.000977384057541324,0.0130337190069621,-0.00121708139531567
"luce",-0.0148201910803648,-0.00121708139531567,0.0409334421278083
"alpha",0.0294048969589824,0.00131625388130908,-0.0220760174750624
"gamma",0.00131625388130908,0.00596377163073293,0.00295475427473811
"luce",-0.0220760174750624,0.00295475427473811,0.028880234272143
"alpha",0.0161076919902045,-0.000309646996592353,-0.0171712006140578
"gamma",-0.000309646996592353,0.00332044003258781,0.00397617912544543
"luce",-0.0171712006140578,0.00397617912544543,0.0296593870289076
"alpha",0.0401597250037788,-0.000718816669046066,-0.0389119803773585
"gamma",-0.000718816669046066,0.00532765418545709,0.00477173486306346
"luce",-0.0389119803773585,0.00477173486306346,0.0475235169852895
"alpha",0.0212274746985637,-0.00289107621212133,-0.0267733054723069
"gamma",-0.00289107621212133,0.00941403186466346,0.00228180146286448
"luce",-0.0267733054723069,0.00228180146286448,0.0469710245692524
"alpha",0.0288760536721094,-0.0019803063066448,-0.0296434592419055
"gamma",-0.0019803063066448,0.00227581722836772,0.00320966688847632
"luce",-0.0296434592419055,0.00320966688847632,0.0466416740256651
"alpha",0.0281578989224752,-0.00289007591383497,-0.0320810156214602
"gamma",-0.00289007591383497,0.0102571469091246,0.00157344140390486
"luce",-0.0320810156214602,0.00157344140390486,0.0484228213235153
"alpha",0.0192307186223871,-0.00236720837057674,-0.0159952517973323
"gamma",-0.00236720837057674,0.0168248001694484,0.000706057481755803
"luce",-0.0159952517973323,0.000706057481755803,0.0368072833907767
"alpha",0.0061636310493504,0.000600979715885744,-0.00377268961859438
"gamma",0.000600979715885744,0.00330106317305064,0.00105302773012991
"luce",-0.00377268961859438,0.00105302773012991,0.0108780022804211
"alpha",0.0248040828846423,0.00086407865654497,-0.0257494366320459
"gamma",0.00086407865654497,0.00415257436503216,0.00355350770318145
"luce",-0.0257494366320459,0.00355350770318145,0.0399169988461023
"alpha",0.0208715442264057,-0.000640573911463889,-0.0222670266349532
"gamma",-0.000640573911463889,0.000838073334792326,0.00225743513482477
"luce",-0.0222670266349532,0.00225743513482477,0.0341198129085295
"alpha",0.0312366721756976,-0.000421836790344914,-0.0168190217944311
"gamma",-0.000421836790344914,0.0108363064929927,-0.000331545034268477
"luce",-0.0168190217944311,-0.000331545034268477,0.0196392260030301
"alpha",0.00445056741160211,3.79059179531054e-06,-0.00338566958491034
"gamma",3.79059179531054e-06,0.000318354205261287,0.000506053973200819
"luce",-0.00338566958491034,0.000506053973200819,0.0100822841603193
"alpha",0.0277390520521318,0.00516255261713361,-0.00739545461142859
"gamma",0.00516255261713361,0.00815212676162786,0.00220709393758992
"luce",-0.00739545461142859,0.00220709393758992,0.00957267245886577
"alpha",0.0349357636444937,-0.00561834092869074,-0.0321288586761904
"gamma",-0.00561834092869074,0.013768217977302,0.00295749592170052
"luce",-0.0321288586761904,0.00295749592170052,0.0447297635993215
"alpha",0.0238067719514685,-0.0041639708536919,-0.0255800542370869
"gamma",-0.0041639708536919,0.0102202092689892,0.00269258268474723
"luce",-0.0255800542370869,0.00269258268474723,0.037841735838929
"alpha",0.00691208481624821,-0.00144827914685915,-0.00986656734175028
"gamma",-0.00144827914685915,0.0083192841226632,0.000185081356328683
"luce",-0.00986656734175028,0.000185081356328683,0.0259405790096745
"alpha",0.017521798524341,-0.00209698278603957,-0.00809197592050077
"gamma",-0.00209698278603957,0.0188642589754783,0.00170745042488133
"luce",-0.00809197592050077,0.00170745042488133,0.020429782760291
"alpha",0.0225686438290885,-0.00231849567104212,-0.0183248584639937
"gamma",-0.00231849567104212,0.0126020543102565,0.000381650497060322
"luce",-0.0183248584639937,0.000381650497060322,0.0382839864007744
"alpha",0.0319931631671359,0.000673038832212707,-0.0251986310693011
"gamma",0.000673038832212707,0.00543101091651247,0.00309772372298505
"luce",-0.0251986310693011,0.00309772372298505,0.0324686149359368
"alpha",0.0351601152673314,-0.00515933088633424,-0.0180579494376126
"gamma",-0.00515933088633424,0.0134935528597301,0.00151252260962919
"luce",-0.0180579494376126,0.00151252260962919,0.0201775293515696
"alpha",0.00972133857970371,-0.000389578067452308,-0.0137093088116516
"gamma",-0.000389578067452308,0.00502430420468029,0.000144587394223599
"luce",-0.0137093088116516,0.000144587394223599,0.0309227993121581
"alpha",0.0369153194807102,0.00092414871517995,-0.0273526629755037
"gamma",0.00092414871517995,0.00567846625413851,0.00309837163054782
"luce",-0.0273526629755037,0.00309837163054782,0.0313745861394984
"alpha",0.0194398211079316,-0.00213462567675922,-0.0229359048164787
"gamma",-0.00213462567675922,0.00185243728390504,0.00296161362010526
"luce",-0.0229359048164787,0.00296161362010526,0.0394600309671562
"alpha",0.00717524112823893,-0.000804546312883067,-0.00846533058714311
"gamma",-0.000804546312883067,0.00410798729913591,0.000757764485867429
"luce",-0.00846533058714311,0.000757764485867429,0.0192830270168922
"alpha",0.0378383692080014,-0.000687290302548887,-0.0349490030658933
"gamma",-0.000687290302548887,0.00364288878755801,0.00230084176616937
"luce",-0.0349490030658933,0.00230084176616937,0.0415186124645106
"alpha",0.0411202778596977,-0.00350539803798011,-0.0338485742763459
"gamma",-0.00350539803798011,0.00447044457244673,0.00317632798762395
"luce",-0.0338485742763459,0.00317632798762395,0.0431464983882748
"alpha",0.0323570350878227,0.000159271228360111,-0.0343973355360919
"gamma",0.000159271228360111,0.00357174673247479,0.00143533180414101
"luce",-0.0343973355360919,0.00143533180414101,0.0458553682804087
"alpha",0.025169184883775,-0.00336799607257966,-0.0260858597882734
"gamma",-0.00336799607257966,0.0133366448714663,0.00134444111897818
"luce",-0.0260858597882734,0.00134444111897818,0.0493956233265375
"alpha",0.0265824526191846,0.000146500583879409,-0.0133251260024717
"gamma",0.000146500583879409,0.00149979731141344,0.000975757229587043
"luce",-0.0133251260024717,0.000975757229587043,0.0127898098933181
"alpha",0.0139117403211749,0.00241994461209592,-0.00261249266070603
"gamma",0.00241994461209592,0.00975747528796736,0.00179745741162834
"luce",-0.00261249266070603,0.00179745741162834,0.00515959599173517
"alpha",0.0354620993125428,-0.00683364444742541,-0.0353677966719463
"gamma",-0.00683364444742541,0.0151523272928694,0.00500415055782451
"luce",-0.0353677966719463,0.00500415055782451,0.0551501206537715
"alpha",0.020981980698558,-0.00406210432698581,-0.0241448102841541
"gamma",-0.00406210432698581,0.00671032376585671,0.00340225749507839
"luce",-0.0241448102841541,0.00340225749507839,0.0394942568756277
"alpha",0.0226589030999077,-0.00312390357355712,-0.0259575521755411
"gamma",-0.00312390357355712,0.00914315593232535,0.0022533172113344
"luce",-0.0259575521755411,0.0022533172113344,0.0410668928712947
"alpha",0.0128289165730599,-0.00328955128906661,-0.0125050996335969
"gamma",-0.00328955128906661,0.00993410315438925,0.00166952925836134
"luce",-0.0125050996335969,0.00166952925836134,0.0243815101827361
"alpha",0.0319576393433966,-0.00368056842646683,-0.0338393032478772
"gamma",-0.00368056842646683,0.00979413083096028,0.00258707947847501
"luce",-0.0338393032478772,0.00258707947847501,0.0549386489786413
"alpha",0.00548037144038377,-0.000477030041068208,-0.00622374267354995
"gamma",-0.000477030041068208,0.000737243556477469,0.000825083266976705
"luce",-0.00622374267354995,0.000825083266976705,0.0160497798338075
"alpha",0.0337817006968845,-0.00093361038708182,-0.0343215936985156
"gamma",-0.00093361038708182,0.00460883064193018,0.00450143933682323
"luce",-0.0343215936985156,0.00450143933682323,0.0442840332014715
"alpha",0.0121847131737717,-0.000599738100808342,-0.00827468517984475
"gamma",-0.000599738100808342,0.0026360208047765,0.0005524751268202
"luce",-0.00827468517984475,0.0005524751268202,0.0167716207263203
"alpha",0.0174814623574635,-0.00286503248863316,-0.0207453635606282
"gamma",-0.00286503248863316,0.00558164741404771,0.00229102032336485
"luce",-0.0207453635606282,0.00229102032336485,0.0368581126732613
"alpha",0.023110821380671,-0.00153568837464804,-0.0270651357174269
"gamma",-0.00153568837464804,0.00780279543232527,0.00146981303827562
"luce",-0.0270651357174269,0.00146981303827562,0.0476910777783087
"alpha",0.0331964004571868,0.00108850399590607,-0.0203682794974205
"gamma",0.00108850399590607,0.00194829982496912,0.00155883592944595
"luce",-0.0203682794974205,0.00155883592944595,0.0206376847553323
"alpha",0.0346565128875274,-0.00328037409896232,-0.0290566975409867
"gamma",-0.00328037409896232,0.0041968350797574,0.00284251414067808
"luce",-0.0290566975409867,0.00284251414067808,0.0347871291385046
"alpha",0.0197241947808955,-0.00304185816480805,-0.0210799360265979
"gamma",-0.00304185816480805,0.0144426161106562,0.000598942809970197
"luce",-0.0210799360265979,0.000598942809970197,0.0468592412564806
"alpha",0.0174252832015715,-0.000558786040076235,-0.0186015162529984
"gamma",-0.000558786040076235,0.00187154310067546,0.00291871027601992
"luce",-0.0186015162529984,0.00291871027601992,0.0411675514913582
"alpha",0.0293354468775792,-0.00458143746946473,-0.030770410096934
"gamma",-0.00458143746946473,0.0128101932285407,0.00262072238712033
"luce",-0.030770410096934,0.00262072238712033,0.0512803500618464
"alpha",0.0287274610404866,-0.00350262235468171,-0.0167680962258917
"gamma",-0.00350262235468171,0.0195336550889827,0.000957449958033031
"luce",-0.0167680962258917,0.000957449958033031,0.0267075049078142
"alpha",0.0275925575389041,0.000520979963628146,-0.0277696535330061
"gamma",0.000520979963628146,0.00573597687874689,0.00638178808962121
"luce",-0.0277696535330061,0.00638178808962121,0.0469971779267394
"alpha",0.00166750552750004,-0.000304526320958653,-0.00192310673204041
"gamma",-0.000304526320958653,0.00161176301183118,0.000153323108264466
"luce",-0.00192310673204041,0.000153323108264466,0.0123853429883109
"alpha",0.0327197231628909,-8.37373838757801e-05,-0.0293290701447377
"gamma",-8.37373838757801e-05,0.00403723980219621,0.00224702689774916
"luce",-0.0293290701447377,0.00224702689774916,0.0367737683154519
"alpha",0.0247134972525851,-0.00353142036146427,-0.0284098957075615
"gamma",-0.00353142036146427,0.00454143314011115,0.00336422860575322
"luce",-0.0284098957075615,0.00336422860575322,0.0453149843145491
"alpha",0.0133201996078679,-0.000544747741880193,-0.0106889654780726
"gamma",-0.000544747741880193,0.00213083626596281,0.00110697333416608
"luce",-0.0106889654780726,0.00110697333416608,0.0205151063745433
"alpha",0.0561706091572634,7.16360925256614e-05,-0.0486068321240342
"gamma",7.16360925256614e-05,0.00376475086670184,0.0015649019265705
"luce",-0.0486068321240342,0.0015649019265705,0.0502470300748951
"alpha",0.0168401576477085,-0.00172477596569315,-0.0143386581936231
"gamma",-0.00172477596569315,0.0192184786602871,-8.70085704396885e-05
"luce",-0.0143386581936231,-8.70085704396885e-05,0.0349881431755677
"alpha",0.00618604064416465,-0.000210800583473015,-0.00752782037225082
"gamma",-0.000210800583473015,0.00311927867555559,0.000195255546106921
"luce",-0.00752782037225082,0.000195255546106921,0.0168099954333071
"alpha",0.0211060230088367,-0.00264347030766608,-0.021722806691428
"gamma",-0.00264347030766608,0.0111407066106952,0.00161318882474101
"luce",-0.021722806691428,0.00161318882474101,0.0390554858319919
"alpha",0.0301550992172034,-0.00261033702808238,-0.0326182416060934
"gamma",-0.00261033702808238,0.00952458932618054,0.00245299351474288
"luce",-0.0326182416060934,0.00245299351474288,0.0531111255773059
"alpha",0.043727203506415,-0.000485695174660487,-0.0318352314479504
"gamma",-0.000485695174660487,0.00206186117281811,0.0026193424864929
"luce",-0.0318352314479504,0.0026193424864929,0.0368901730613266
"alpha",0.0330741885753639,-0.000584005744476622,-0.0339976230263733
"gamma",-0.000584005744476622,0.00555419531900059,0.00516760846333677
"luce",-0.0339976230263733,0.00516760846333677,0.0496145189205661
"alpha",0.0445097181022785,-0.000363828199936728,-0.035951458788518
"gamma",-0.000363828199936728,0.00190328544477521,0.00286320004544889
"luce",-0.035951458788518,0.00286320004544889,0.0433579861718231
"alpha",0.0197205445285859,-0.00357085029134892,-0.0140845640516481
"gamma",-0.00357085029134892,0.00967083659713828,0.000747787017092041
"luce",-0.0140845640516481,0.000747787017092041,0.0174786953845442
"alpha",0.0202097215770061,-0.00274430287083971,-0.0176806053536889
"gamma",-0.00274430287083971,0.0110491054710197,0.000538941558299736
"luce",-0.0176806053536889,0.000538941558299736,0.0234036201464545
"alpha",0.0188330008174192,0.00114730141823991,-0.0184124563057728
"gamma",0.00114730141823991,0.00434770072345738,0.00183512947804698
"luce",-0.0184124563057728,0.00183512947804698,0.0282495018810395
"alpha",0.00685728423163033,-0.0011081786160901,-0.00430123564783092
"gamma",-0.0011081786160901,0.0118608893292962,-0.00027970683931809
"luce",-0.00430123564783092,-0.00027970683931809,0.015491781566866
"alpha",0.0238594897241349,-8.47284308849311e-05,-0.0255369165636561
"gamma",-8.47284308849311e-05,0.00204292152560711,0.000465275559871265
"luce",-0.0255369165636561,0.000465275559871265,0.0362608773213176
"alpha",0.00618271902215739,-0.00137071793046194,-0.0056097157001615
"gamma",-0.00137071793046194,0.00414183290703837,0.000577177399645563
"luce",-0.0056097157001615,0.000577177399645563,0.0126934979280579
"alpha",0.00576335397007761,-0.000613992846947056,-0.00680637334176088
"gamma",-0.000613992846947056,0.000753105452018839,0.00118441758200785
"luce",-0.00680637334176088,0.00118441758200785,0.0186964077167007
"alpha",0.0380840349988111,0.00132010373578896,-0.0273370576010493
"gamma",0.00132010373578896,0.00417113325553232,0.00065850074012217
"luce",-0.0273370576010493,0.00065850074012217,0.0275828213159792
"alpha",0.0117406268155674,-0.00135023743507362,-0.0152740566593432
"gamma",-0.00135023743507362,0.00729437501419027,0.000624748288272483
"luce",-0.0152740566593432,0.000624748288272483,0.0293902519725551
"alpha",0.016085335768541,0.00011343786711938,-0.0118984945543546
"gamma",0.00011343786711938,0.00571446836022875,0.00342248124775428
"luce",-0.0118984945543546,0.00342248124775428,0.0208811935993886
"alpha",0.0388062711416181,-0.00111183810010405,-0.0408725008570322
"gamma",-0.00111183810010405,0.00325871482003859,0.00542886940904522
"luce",-0.0408725008570322,0.00542886940904522,0.0570684322194974
"alpha",0.0333715535682673,0.00319991723340011,-0.0179025668002363
"gamma",0.00319991723340011,0.00676426194049866,0.0029598542608561
"luce",-0.0179025668002363,0.0029598542608561,0.0207352848077646
"alpha",0.0200794042948589,-0.000182614441556021,-0.0123351711242136
"gamma",-0.000182614441556021,0.00625966492973463,0.00257833366022017
"luce",-0.0123351711242136,0.00257833366022017,0.0260588222420359
"alpha",0.0319340888171238,-0.00168392095100536,-0.0255493528177368
"gamma",-0.00168392095100536,0.0123295733352873,-0.000213410731807647
"luce",-0.0255493528177368,-0.000213410731807647,0.0319727755296929
"alpha",0.0233513631120525,-0.00523447649605076,-0.0278613210694844
"gamma",-0.00523447649605076,0.011120875037756,0.00477663227355068
"luce",-0.0278613210694844,0.00477663227355068,0.0457313025626672
