"","beta","sd","2.5%","25%","50%","75%","97.5%"
"",0,0,0,0,0,0,0
"betaTemp",0.885479257482093,0.102127636668553,0.614474258225673,0.839227949150727,0.915545688672849,0.961324912360933,0.995446053310018
"betaTemp",0.278357701805425,0.192604973777113,0.0143697774179747,0.124528314833477,0.241312753353696,0.393467293399548,0.719086844525258
"betaTemp",0.595150277790051,0.215315578975822,0.148989901761254,0.439203569490517,0.607365759060751,0.761977736308854,0.964098885912416
"betaTemp",0.380380214749427,0.240951021183015,0.0202983110019119,0.182713276932906,0.350393234959149,0.552854945532595,0.884967159190704
"betaTemp",0.523563915392591,0.238853093463029,0.0712977774581668,0.34502923274613,0.524192196589314,0.699806473545755,0.952474363743
"betaTemp",0.251733929676886,0.204703239328197,0.007073517447751,0.0892469831375395,0.207005399958842,0.356676196809024,0.73748699697063
"betaTemp",0.277405513235362,0.212369196471776,0.0121609917467248,0.104639850917573,0.234031398773024,0.40340700776389,0.779049185217075
"betaTemp",0.310832008028843,0.223782574613217,0.0125646126051815,0.124829383503853,0.26762040263376,0.457434713426444,0.830815505663714
"betaTemp",0.528837021698838,0.277524122669033,0.034898343852458,0.297984107209996,0.551832881748072,0.765506293487925,0.977404124192185
"betaTemp",0.608349836999885,0.260459945938009,0.0756457103716665,0.411446293989993,0.647064139738936,0.830692982472111,0.980597039086704
"betaTemp",0.568959801963432,0.271021725387576,0.0532621973276653,0.358909750670286,0.58951204607039,0.799865317695099,0.983748740527374
"betaTemp",0.451433279140544,0.264704124626629,0.0261881073827891,0.232031833648049,0.434422630515358,0.656921823561319,0.958254012055358
"betaTemp",0.539002202998058,0.22850461476612,0.0863346329079548,0.370106405584698,0.541433375615153,0.70997126748245,0.951983341004871
"betaTemp",0.353872331996312,0.226334664725689,0.0189895028196446,0.175293641239167,0.323754390849076,0.50630840352929,0.845395129338324
"betaTemp",0.542490059786628,0.228613812791611,0.0817474739252238,0.384109014521295,0.54642521279857,0.717893889068571,0.96350208844004
"betaTemp",0.55276948983881,0.221471932666601,0.121768066405776,0.395535999896928,0.551611143513608,0.721437617443633,0.951585286186359
"betaTemp",0.842472693164501,0.13687157673291,0.492920354320834,0.780728456949418,0.875790038982403,0.944717228241025,0.996110532808874
"betaTemp",0.562064173453764,0.264159356872711,0.0443764263705145,0.363889765886587,0.587359997825649,0.781006206262526,0.971637914106191
"betaTemp",0.346936340772793,0.223494585092351,0.0184812020706362,0.166087909147537,0.317912835340044,0.492434757770562,0.836162459852354
"betaTemp",0.548938006549798,0.274830359802147,0.0377969208121595,0.325359273862257,0.564609547140349,0.785152406558469,0.978784247768945
"betaTemp",0.634565566382223,0.22080876626501,0.167920741751727,0.48095673537429,0.661006575807034,0.811362965260108,0.972909200442148
"betaTemp",0.337911704103201,0.215344048815069,0.0210076063932243,0.168012160097232,0.307643267447575,0.474674822877239,0.830776174897731
"betaTemp",0.762933526509529,0.177478738509269,0.339880915451262,0.657414844312385,0.796528314538281,0.903015561343859,0.99074084147367
"betaTemp",0.558244951252585,0.264857584979716,0.052547269287507,0.354400425492702,0.581607980269998,0.777198087526264,0.977293209836082
"betaTemp",0.549051960709914,0.256728986596825,0.0754393191177236,0.354283773950447,0.559023193051179,0.759698969726083,0.970234985749432
"betaTemp",0.404104016469774,0.248837572897487,0.0248327284972771,0.19921070794591,0.382211257696716,0.580534247574222,0.918399821561818
"betaTemp",0.743394490556774,0.184108540327093,0.292312538425922,0.632627031990318,0.775439469498911,0.890832395962641,0.989190651734192
"betaTemp",0.392471092410807,0.263040130117756,0.0145756626604426,0.164321112176794,0.356983551807694,0.595536302971706,0.921912241957272
"betaTemp",0.368637181322277,0.250591126084755,0.0182429669887713,0.160789664402252,0.329819396617028,0.536763926428577,0.91565620893419
"betaTemp",0.53673676195114,0.271727318857395,0.0415743040388069,0.321012864561529,0.545351432465861,0.759426154101854,0.978437755494669
"betaTemp",0.263382954723435,0.204267104263346,0.0128106337286144,0.0993891331267601,0.217289487978849,0.388455617395735,0.765506961183641
"betaTemp",0.521594527536515,0.268899559347981,0.0342840416926806,0.30833855282322,0.519975983511876,0.743190173092135,0.976381918978635
"betaTemp",0.536815576917286,0.230267530171728,0.0839150580614837,0.37214917407637,0.543091066657188,0.70798366803288,0.951581165276415
"betaTemp",0.564272432724715,0.258712546705346,0.0613036094207008,0.365295278926629,0.574024753350479,0.780666400930683,0.977032871110465
"betaTemp",0.46887412904127,0.260709331264461,0.0345434937937462,0.257075968336053,0.458178733942946,0.676172129490337,0.947834152336831
"betaTemp",0.39908625208918,0.218558154473271,0.0433848481828684,0.235266307373779,0.376473194104742,0.548714976586865,0.895621965653554
"betaTemp",0.257053637282954,0.202689458648987,0.0114199301546698,0.0963905576040058,0.214422121177191,0.367605930192396,0.764334096292121
"betaTemp",0.612486902221629,0.212083953786419,0.151214749527778,0.467205978113757,0.620753083982894,0.768362460628081,0.97720136600865
"betaTemp",0.541877393315646,0.267439891464206,0.0517836809699866,0.328038498049962,0.55039080427014,0.761691165831636,0.971651872759047
"betaTemp",0.721302397314938,0.16008930740916,0.37997968637513,0.615801600488245,0.732937985866591,0.844664061225525,0.979111944864467
"betaTemp",0.810786623603487,0.156063335347724,0.44158194252929,0.724657949300828,0.850329677117571,0.933758998564891,0.992926867422793
"betaTemp",0.229287857865665,0.177277070517912,0.00971752470211979,0.0883372652310969,0.192449491922697,0.331827813927601,0.66964523099238
"betaTemp",0.243962889787718,0.190151815619764,0.00915585989446661,0.0937256272656671,0.200003302740918,0.351406230297174,0.704089118560421
"betaTemp",0.365215238469436,0.236242810289227,0.0237001664627809,0.169798954299573,0.335676692780579,0.525300352343869,0.891454048227371
"betaTemp",0.558314207572685,0.269474155391701,0.048505014665961,0.347108790560744,0.575674120411397,0.785972954832873,0.981078099025854
"betaTemp",0.436846656113305,0.227867138486767,0.0379245521983157,0.264783173493414,0.423697322280371,0.594914434461547,0.908779574173027
"betaTemp",0.623517939629756,0.257797233627567,0.095869398218209,0.434772406663069,0.662611080494474,0.838626463754788,0.987465065448778
"betaTemp",0.25765565337888,0.191428561319027,0.0100389023453816,0.102282667149335,0.217927366457487,0.378701969929157,0.713712702796935
"betaTemp",0.631927964460545,0.247833633896642,0.114538485376606,0.457621582157301,0.666555577619251,0.838540864656364,0.987077135968164
"betaTemp",0.744186982214362,0.193821978819218,0.279374644642788,0.629930935901645,0.788146355981125,0.897797126730721,0.989653473877239
"betaTemp",0.308982074142086,0.220977186364184,0.0102281006963603,0.130299969905373,0.268899482577653,0.446005473963826,0.84229419158882
"betaTemp",0.543883163647461,0.276382113899708,0.0339116405710995,0.320403284616614,0.55298188090207,0.771997508082144,0.981402392574102
"betaTemp",0.677936718886289,0.223086000154885,0.160066034908007,0.534461159170283,0.709033719700603,0.861754398742694,0.990883359242676
"betaTemp",0.383100715482534,0.256491253039657,0.0115837781984421,0.167257692982148,0.348460096259428,0.574217691743595,0.908366629923688
"betaTemp",0.548244012417685,0.269799575803298,0.038998211959671,0.339103311502952,0.558870094932268,0.775031825757748,0.979159590081757
"betaTemp",0.5410318713109,0.26459722878809,0.0539480758320746,0.330849038373388,0.557725992792695,0.761524773416354,0.963324750566039
"betaTemp",0.357915064122376,0.237595440304125,0.0151960195400171,0.16177720307859,0.325428807397767,0.52588417377723,0.871572214925593
"betaTemp",0.420614764097701,0.206509550963069,0.0560137718255608,0.270983076625347,0.40673053214343,0.55415609211857,0.873595909326317
"betaTemp",0.473749947618995,0.258876255492773,0.0304752663520377,0.266384391566955,0.46647096420038,0.676217776803112,0.952097895282416
"betaTemp",0.679422886942679,0.19073473276494,0.284656133606649,0.547417830220143,0.693000721418925,0.832041085327572,0.983628297572461
"betaTemp",0.488668517731463,0.245318791046809,0.0447493968399307,0.302385843532409,0.49150589975596,0.677260836537417,0.935137524777231
"betaTemp",0.646845530190764,0.239745494689764,0.117494369347679,0.47761932165689,0.680183140650609,0.85005672015863,0.981581247886382
"betaTemp",0.631583507892465,0.249971571182288,0.100561478738149,0.452871399791926,0.666499898989773,0.844285224966802,0.98490305316328
"betaTemp",0.405149634997459,0.205160989190013,0.0552788654489979,0.254356537450786,0.387175475073038,0.548461633120317,0.843839583006829
"betaTemp",0.259244189558196,0.20704096645591,0.00783843411819759,0.0966060699653521,0.209946477511546,0.374059838285421,0.772058108776641
"betaTemp",0.278588253500696,0.207984601726714,0.00813667413988849,0.105443876955559,0.239371937259221,0.406608240235561,0.768334514358696
"betaTemp",0.5353348754239,0.268322309186662,0.0453241131658328,0.321842030890553,0.548226886152483,0.759315855558166,0.980407187814454
"betaTemp",0.701793714142318,0.190303521030877,0.267070359767755,0.585540389352194,0.72041805875055,0.85210029838924,0.988128942030274
"betaTemp",0.322026277033865,0.221472777637274,0.0108957440749231,0.141844122201333,0.285192736394752,0.47146659424977,0.816650029315546
"betaTemp",0.697477846666709,0.197325895076856,0.221307034560676,0.578103464807429,0.726405643544632,0.850542639648367,0.981217682088109
"betaTemp",0.388595154629888,0.253933240997842,0.0199854767043029,0.179793916476086,0.348848592821476,0.572075747182249,0.92803958498761
"betaTemp",0.539031399870611,0.278055325367873,0.0273632851069288,0.320223616049445,0.557642549015913,0.771388547373342,0.981973191617948
"betaTemp",0.320790669898663,0.206416318724949,0.0150441129379746,0.155551177971091,0.293329801166883,0.458068899891668,0.797119820522272
"betaTemp",0.364772212740411,0.241633091735764,0.0162969118115393,0.162414551285967,0.330099112196608,0.536061993618276,0.891411588671942
"betaTemp",0.542346252109636,0.269029621659415,0.0456753030398033,0.328739560847112,0.555423322956125,0.766444093285388,0.977179662561532
"betaTemp",0.32347391177861,0.225903003199094,0.0126249618137458,0.14062405484384,0.279189345831902,0.467437782177343,0.849604647800718
"betaTemp",0.55195196887838,0.274615836694233,0.0461678448866878,0.330140753575221,0.570180671285902,0.789320150123566,0.973010125328636
"betaTemp",0.539626287020659,0.208664169259931,0.112653189546724,0.399172078079383,0.543218255867043,0.68987232828518,0.919051076187531
"betaTemp",0.208785934192406,0.166501328744164,0.00545126203669185,0.0781370582507126,0.174766706549815,0.301555590351733,0.61480604469612
"betaTemp",0.551948771303248,0.268561675405102,0.0525132696649678,0.33586300695583,0.574726637880939,0.779232967373638,0.978414404013877
"betaTemp",0.43257348850295,0.259890721900448,0.0261049495562356,0.22352284996806,0.407582436701113,0.626884099869452,0.948846822651705
"betaTemp",0.246565868233469,0.197479021507733,0.00751041303278008,0.082280323914976,0.203023498821283,0.366817078737029,0.710416499298923
"betaTemp",0.551424230420416,0.266826278584853,0.0548497348564509,0.341491350884101,0.571378639165527,0.777631802385499,0.972931068701793
"betaTemp",0.416083049408467,0.260965396422885,0.0204404703965401,0.193958399807558,0.388913898740804,0.613001239645862,0.932856370236093
"betaTemp",0.551288846980318,0.271721263746435,0.046921062922337,0.333850018966592,0.571628892384119,0.780969845131112,0.973156360400957
"betaTemp",0.784614132644122,0.159018055608376,0.409500770048068,0.685855013588862,0.812842771134995,0.908645536222682,0.993149820597024
"betaTemp",0.39913419989021,0.223698208269945,0.0255398125348593,0.224303305267109,0.381260097649322,0.560781443365287,0.862369376958585
"betaTemp",0.649062169454019,0.233107357801652,0.140499485618981,0.488837556960394,0.681512718169947,0.842147347163987,0.984248416484309
"betaTemp",0.329380521687671,0.222311956293169,0.0199313320050061,0.150699394806941,0.291919458029267,0.473631942696446,0.829973263670327
"betaTemp",0.567458327520507,0.254941137738175,0.0404906854069237,0.38771258238265,0.590322250744428,0.773281398501768,0.971629783254276
"betaTemp",0.304244860794885,0.20796565855024,0.0116304820640241,0.141876376775786,0.271625695009746,0.424355946461286,0.825171218588118
"betaTemp",0.267110767419815,0.20141327518142,0.01115310397756,0.103438357752742,0.230529613563595,0.385609763489707,0.77444970936982
"betaTemp",0.668937450514108,0.206524160600796,0.175257719730673,0.537793456055058,0.699528015771091,0.824354540900131,0.978966032719954
"betaTemp",0.531081041683243,0.236153539527477,0.069786619407779,0.363581492693507,0.531611011036983,0.710896344512062,0.953558542511325
"betaTemp",0.54051063804961,0.272813818417888,0.0358744510367568,0.321444291805164,0.565911354421925,0.770833262148992,0.97320082422088
"betaTemp",0.396829817286122,0.213354061635149,0.042038558906126,0.238482045042272,0.388557135583596,0.537200207267524,0.844137665398989
"betaTemp",0.488870129127286,0.265335963867146,0.0304883116690985,0.27744841065192,0.483988816766999,0.700244922118747,0.958669227001289
"betaTemp",0.557631072888292,0.263986870101259,0.0633190834393435,0.352207062014957,0.580761137321583,0.782364002152821,0.975133619068212
"betaTemp",0.761640755247796,0.165515442390479,0.389514074273898,0.658494992816714,0.786613998707658,0.893858251244404,0.99254926606548
"betaTemp",0.779774934159831,0.16370889297551,0.388179249046297,0.682275430038328,0.812741018769064,0.90849594632726,0.990149338137627
"betaTemp",0.706010350127256,0.202762382836007,0.25941000881596,0.565409368851666,0.734039531253219,0.87807618994342,0.988932020622181
"betaTemp",0.587975037171829,0.241099551655172,0.0937446891730837,0.408463646551719,0.609444743664033,0.783777442368224,0.968269176253782
"betaTemp",0.267914715915079,0.199110380613963,0.00901207941550732,0.107653632322555,0.23046464675408,0.387241065376695,0.728829505510026
"betaTemp",0.551136153569892,0.269391894307328,0.0477993017247546,0.331407802170025,0.57174273862996,0.778988553924389,0.979220645763076
"betaTemp",0.538407991227821,0.274780105266604,0.043254189528081,0.3172456035774,0.557129894863547,0.76948683177363,0.976572145088348
"betaTemp",0.817879301151335,0.142603331422937,0.464177345492016,0.743204322649594,0.84991260039707,0.927772361660097,0.992660190407924
"betaTemp",0.412234197345305,0.26116746794162,0.0210028805655075,0.191973322304055,0.381431470229987,0.606080342785831,0.948141332717621
"betaTemp",0.542675733733903,0.270226809416289,0.0439111308408068,0.333448445551886,0.55713813091034,0.766822881476497,0.97991006924984
"betaTemp",0.285634461648179,0.213171216950952,0.00876822219743191,0.111290180144584,0.243493176335999,0.413886218176404,0.795065622584579
"betaTemp",0.487659595354865,0.250596141311548,0.0467549569190859,0.293178791418997,0.472523151402239,0.672395248824272,0.96606112806838
"betaTemp",0.541202161692769,0.266474456077546,0.0490948477283227,0.328434512831096,0.555552696134646,0.76371680898616,0.980872655123008
"betaTemp",0.380847402487874,0.234708055029909,0.0278598159647959,0.184538117215728,0.359889676526626,0.549396318592537,0.864592376221259
"betaTemp",0.348824330975827,0.222790054035858,0.0174230842301124,0.172583507016377,0.311137165982816,0.4960829195839,0.839789057996158
"betaTemp",0.310473239582965,0.206220861349649,0.0228448847613448,0.147094128451948,0.274751053877916,0.446326302880144,0.786582149214608
"betaTemp",0.413914516866044,0.26695902087979,0.0153753825626987,0.192351193062276,0.381515087335519,0.61556781679012,0.934455880275729
"betaTemp",0.251914322362726,0.191109543278601,0.00930736858829502,0.0972197198934306,0.217448497930512,0.35982333696081,0.710898359298683
"betaTemp",0.5056555066992,0.239776204152503,0.0619990161848492,0.326278208576336,0.500191742769834,0.678815109134922,0.958919249405372
"betaTemp",0.345402098932819,0.219382775145455,0.0248473285024216,0.171371296942154,0.3160177243173,0.490195212923156,0.841548514969209
"betaTemp",0.639685575279889,0.233853931462144,0.113373042697437,0.487028261416586,0.669031314248265,0.829508687055959,0.976436866814472
"betaTemp",0.327832215950568,0.228002731704994,0.0117698312728688,0.140502332416644,0.293653102634215,0.474463312042536,0.852962590199094
"betaTemp",0.531500138900116,0.280018020667957,0.0343164292399806,0.295416953233873,0.548045817399708,0.77209567453895,0.971089888981237
"betaTemp",0.563288932089636,0.260155862451977,0.0808636923215026,0.351689555179901,0.578579513272862,0.783144125775655,0.974845709567891
"betaTemp",0.444470431257213,0.248334756660165,0.0299104656656968,0.248397276981868,0.428985841278012,0.624563028298413,0.937510009675204
"betaTemp",0.773762807588736,0.184533492171299,0.299074551787835,0.672057696907431,0.818676768006203,0.91756675384972,0.990154369436258
"betaTemp",0.53986490653817,0.268457059750657,0.0584776543391546,0.322587153255966,0.549420348751578,0.76889830958805,0.975369337821418
"betaTemp",0.386007844976289,0.241268522798337,0.0219876427406174,0.187166288298573,0.359765013263834,0.559951444231433,0.898952428598546
"betaTemp",0.637009383174279,0.237436299834732,0.133199298526768,0.463525925145992,0.672396443401394,0.829085265938811,0.978978031524516
"betaTemp",0.398861171677703,0.255453355933355,0.0190929274191643,0.181804161706636,0.373503512325428,0.588840297844673,0.929131278807489
"betaTemp",0.803348058906155,0.152261844238261,0.443093750489759,0.713882866962737,0.836668069001739,0.924783231898409,0.992682039601361
"betaTemp",0.280547761849948,0.209421595138783,0.0103824050544105,0.109700941731798,0.239734327532589,0.407897736519649,0.765417037284485
"betaTemp",0.583961876468378,0.229606393463664,0.111324188180479,0.419721291765202,0.593524059632061,0.75924263579654,0.972913696940857
"betaTemp",0.621266709616993,0.209501235891085,0.176263260872105,0.477917357574063,0.63334708648861,0.782787411918015,0.968578017886031
"betaTemp",0.386705684105513,0.259417419666684,0.0130600803903638,0.164766886867967,0.355998960886768,0.576543093012494,0.921653829502281
"betaTemp",0.342625327938625,0.242958084882698,0.0153673329260908,0.142086504634937,0.302457785037271,0.504208085513741,0.90825764308509
"betaTemp",0.566354674731337,0.229668269735025,0.106639064826434,0.396397754337494,0.582139880518016,0.740474130581858,0.954461265768822
"betaTemp",0.429894596037261,0.261519913424004,0.0268786499943913,0.214735553476075,0.408140720062565,0.622482948830597,0.949362731968105
"betaTemp",0.528402570984483,0.265389421043438,0.0412631584319251,0.314296229161033,0.545097316725492,0.746605251799733,0.967663557834555
"betaTemp",0.60340079324,0.254833037666772,0.0813883082599798,0.419144586511529,0.632831070762377,0.812649020649249,0.983839920687904
"betaTemp",0.606990116733674,0.202303174583775,0.180939449364919,0.465961689579908,0.602133355003984,0.760065833561381,0.961184938854952
"betaTemp",0.432146479228908,0.233615897912725,0.0405942272463629,0.24996876147273,0.417683156991645,0.594811466113046,0.912245622054938
"betaTemp",0.322449980436573,0.221396107105442,0.0173745018883811,0.139813380671416,0.285468590502272,0.472581468697835,0.81975343291979
"betaTemp",0.511161446091572,0.266688211022729,0.0276034589061164,0.30853036190084,0.509161414912831,0.731247734629059,0.959235539891309
"betaTemp",0.383940695733025,0.242733668091807,0.0159365257718762,0.190588435616632,0.355427063085963,0.557378794583928,0.91785166897835
"betaTemp",0.616173519768518,0.251111154434287,0.0903271854736094,0.436730265848476,0.646020260023699,0.828704174326218,0.979926222230288
"betaTemp",0.54866665142991,0.271355620836811,0.0438768838329488,0.331126301720302,0.567877116910804,0.780411925896522,0.976656097552358
"betaTemp",0.30633074165326,0.207537873242813,0.0194945037519347,0.146948364042726,0.264774893896255,0.427215511883788,0.808710741142761
"betaTemp",0.476271385564508,0.235745018444268,0.0588012592422361,0.298759440985843,0.470185149418915,0.64666758651827,0.939004144329673
"betaTemp",0.613920442616181,0.250446600155672,0.0915887419023788,0.429895912160041,0.64719600425472,0.825598300784675,0.98004394450402
"betaTemp",0.548433228373358,0.268338624465044,0.054165071430189,0.328300096633731,0.572198281246541,0.774905461623885,0.97105740135901
"betaTemp",0.592621672260087,0.261341625424412,0.068086997520933,0.395779504213876,0.62089292236535,0.81410862585251,0.977872940292795
"betaTemp",0.537828812981361,0.270267604691327,0.0380929531027391,0.326031534580766,0.554495666320066,0.768462452155803,0.967706068022306
"betaTemp",0.437930143898132,0.233613904443819,0.049982385105076,0.254480273329794,0.42217111667542,0.60363305472289,0.909895596979608
"betaTemp",0.407727940401228,0.230145724485364,0.0313200854484134,0.223363564868452,0.397401039694511,0.574032491141883,0.884952795313606
"betaTemp",0.656837150968783,0.197783524614088,0.252516102626214,0.516895091720435,0.661008843518066,0.812570183499861,0.977278742796291
"betaTemp",0.540517028625028,0.267664640130562,0.0499506147227703,0.330646638247096,0.547276814067555,0.762256756215785,0.981943106878472
"betaTemp",0.53138920019283,0.246867724637043,0.0757073913731413,0.344347040563016,0.525895912296499,0.72814836834868,0.962564524862702
"betaTemp",0.556032548457319,0.270361061568747,0.0417482392972239,0.350367992587499,0.571407709274504,0.783184181613635,0.980604475883929
"betaTemp",0.561604297241711,0.266855643691426,0.0546870877292622,0.351558536476692,0.584744161319072,0.787326175404954,0.972817055167254
"betaTemp",0.32245767658129,0.233662959158437,0.0154838946566312,0.12609075881187,0.280456330953664,0.473332318820212,0.849339896865781
"betaTemp",0.287731595392936,0.221143972756065,0.00970576013357975,0.10945864520692,0.239137955302142,0.418874344991478,0.815818550877643
"betaTemp",0.569555628301753,0.262818885380267,0.0584128091073621,0.368479499538797,0.589292477294715,0.788353564555922,0.97635816280146
"betaTemp",0.601603006973554,0.255249595973194,0.0747239508691801,0.415931042916527,0.631600617280099,0.816453851739443,0.977892791476
"betaTemp",0.290790214088716,0.215219204653402,0.0139143496159146,0.11472997411097,0.243600328199297,0.428880613367511,0.807524198922205
"betaTemp",0.343774594145156,0.236874115373114,0.0159854708280071,0.146605657351722,0.301337043548472,0.507068747791629,0.869002629950962
"betaTemp",0.563659918807391,0.26319999839699,0.0642577996767333,0.354314583044048,0.586592826226518,0.78391318708354,0.973406976784608
"betaTemp",0.695929129811669,0.182922581643026,0.304180098765156,0.579074551183946,0.714532383018667,0.836843185346208,0.978921884665776
"betaTemp",0.196344846009917,0.165967920549808,0.00806341006898207,0.0691210839255156,0.155331006828616,0.277150219716067,0.616893506050259
"betaTemp",0.795771098356647,0.149191493119096,0.437114489368115,0.710410328611299,0.824511906602547,0.914064605548873,0.988299163448262
"betaTemp",0.565479108784495,0.252636087034643,0.074325370654165,0.367359791111463,0.582647012268868,0.776104877646573,0.97073241073029
"betaTemp",0.562441730851327,0.251289248408923,0.0587822990858345,0.37299036881246,0.584441685090044,0.758393592449438,0.964063800455921
"betaTemp",0.412398439095669,0.198562234960387,0.0628392352143022,0.267496857203561,0.402918468269821,0.546374036900859,0.821154327869715
"betaTemp",0.682401819031554,0.191400777313677,0.262912961135813,0.560661493489655,0.70121042920719,0.828942029783046,0.975692488646869
"betaTemp",0.545876397773289,0.227806107393221,0.107311154258032,0.378217991361885,0.550854403523013,0.717933671230167,0.959196998118717
"betaTemp",0.775596752720469,0.153779626524527,0.431690004511412,0.679615687712836,0.800660726062466,0.893997884098877,0.991571171585807
"betaTemp",0.519262015130813,0.262066095162073,0.0399221286285648,0.311821423134273,0.522407859098589,0.728675771923191,0.967260467286559
"betaTemp",0.42287772114899,0.257765401614203,0.0236718495506239,0.209609361183136,0.394000581093673,0.624281497192555,0.922230571477242
"betaTemp",0.547093988308229,0.275334126873507,0.0404837455261734,0.33089434550177,0.560644829395017,0.781377911857854,0.981031105870112
"betaTemp",0.542910672914418,0.266931574083773,0.0510562353905265,0.332509434073517,0.547153328356317,0.763940093845702,0.975490619592696
"betaTemp",0.77080273762412,0.165537565015554,0.373830928703931,0.670721997201086,0.801112352029581,0.903596296803918,0.989399127319361
"betaTemp",0.29386518168556,0.219414297516517,0.0126542095600797,0.121324255475843,0.243707323334774,0.420366363207564,0.827405395457686
"betaTemp",0.5509936562104,0.244859110141138,0.055642037428989,0.371765320996414,0.572611540467662,0.741053995358331,0.956726934701384
"betaTemp",0.396032566700218,0.256267410499742,0.0195498357506392,0.179940375148242,0.371316085188471,0.578886299909862,0.91626261318188
"betaTemp",0.437635849914263,0.194046962210923,0.0792241057653063,0.301190253448048,0.430750144008733,0.56855741750621,0.827133653840935
"betaTemp",0.377926916038076,0.223744286006456,0.0335743314903135,0.207842399738091,0.350733975092618,0.529010978642751,0.86935178379177
"betaTemp",0.602229428199631,0.248904560024608,0.0881721307609031,0.413389777835665,0.629507121177064,0.805639116205747,0.97530394177185
"betaTemp",0.336335514946866,0.225744144936476,0.0104199408784129,0.149745118915977,0.308768335542713,0.487365549079897,0.848611978340492
"betaTemp",0.250362456627414,0.185202842610496,0.00998107324002893,0.103187705832338,0.216615060932541,0.359831438038485,0.708674449702123
"betaTemp",0.378860438565125,0.235348034490019,0.0258828305245466,0.193258668184191,0.344770497320739,0.541056670200589,0.884995113199428
"betaTemp",0.338162127634178,0.227936593210814,0.0149770813597761,0.151964532362603,0.306695568890078,0.493744364614586,0.846052096591971
"betaTemp",0.852214465005705,0.11847796675367,0.5632179580891,0.782495087823709,0.881094960696592,0.946660667875711,0.995738032964344
"betaTemp",0.556094298005702,0.265030033895371,0.0584046500856556,0.351010112196038,0.566445392967895,0.779661519738394,0.971947883303503
"betaTemp",0.485277893257669,0.244866829143623,0.0416255789358163,0.299485148207487,0.479277098679828,0.669973634247156,0.939536427364372
"betaTemp",0.804142834855994,0.135197629918763,0.510910533074224,0.714381395972921,0.823421573846181,0.913588002772992,0.99141708052385
"betaTemp",0.331149986820723,0.234643199249923,0.0122193701279432,0.14155112159617,0.291040285096736,0.469548087419367,0.88364837047364
"betaTemp",0.665118662377717,0.185607017356511,0.278760308709424,0.538470576801061,0.67447723693066,0.804679621287717,0.978512087592724
"betaTemp",0.558141515405057,0.214277471378393,0.119412669409884,0.407026531740136,0.565669822461399,0.711771515588735,0.955486618839012
"betaTemp",0.541154207576482,0.221460280279756,0.101916451169545,0.386183142415639,0.538522894111927,0.707509207295608,0.945732821562143
"betaTemp",0.308139186102494,0.212731380727405,0.0155000214638028,0.136622137906373,0.269039744363657,0.45007477789148,0.798668131397421
"betaTemp",0.837658299893073,0.134092967259934,0.494441979646659,0.767706565722549,0.873102662569086,0.942756080987237,0.99345912325298
"betaTemp",0.33300723697529,0.220254154474798,0.0203464870069943,0.155036889599647,0.298133998338387,0.480469956353225,0.825057443816301
"betaTemp",0.417802476870676,0.216537690534318,0.0416989515455371,0.253209700310542,0.402448539318248,0.56092082259818,0.873592744921206
"betaTemp",0.402012315521463,0.24935930920091,0.0236316393070158,0.197631380462172,0.374938962212493,0.577445224480446,0.918984787831982
"betaTemp",0.66704054944343,0.20963274082173,0.210286881430115,0.517210785743247,0.689400842396523,0.836670373117972,0.985292992456596
"betaTemp",0.321529547300727,0.229671655719349,0.020158150454233,0.130355352491101,0.275158048813146,0.476465493726475,0.85658011108858
"betaTemp",0.314978188258552,0.222099171189985,0.0218551417988529,0.135206325088518,0.275506866924819,0.45739555920216,0.814694341272984
"betaTemp",0.541677397124372,0.27032922785569,0.0485386766113265,0.332036268271988,0.55644872144507,0.769742665132049,0.972142577068653
"betaTemp",0.499542873867865,0.268386992173342,0.0319707379262244,0.280263439805505,0.503555826470391,0.716438360568821,0.960356207428257
"betaTemp",0.782469098099791,0.152269826048824,0.438526626065564,0.686595464112841,0.807925911690456,0.905671174574818,0.990677577381398
"betaTemp",0.506982480424634,0.229700520693384,0.0603526126463595,0.343375629663287,0.514030502268219,0.674185154655562,0.93835935787451
"betaTemp",0.541171231485774,0.276514156443523,0.0381543635398944,0.316360293611822,0.560396368819941,0.776934932071243,0.978349952836763
"betaTemp",0.329833099617934,0.219157898416816,0.017983135838761,0.151314506154024,0.294689274925253,0.471924772264172,0.821417093593362
"betaTemp",0.531043817159415,0.238500933330084,0.076008432105773,0.352598834563667,0.530602417883628,0.715304223952438,0.953000645339564
"betaTemp",0.462492931185484,0.263300020645338,0.0277682341907128,0.24244552035799,0.45441083607688,0.664247851134803,0.94770075026277
"betaTemp",0.458995742515677,0.243008761053956,0.0445799618327114,0.266137150312256,0.453195097558095,0.646842132579651,0.927494943379546
"betaTemp",0.532743564429848,0.265335546841223,0.0511820394338645,0.322562749745465,0.542657377713383,0.757788606993526,0.969550796670953
"betaTemp",0.540434399177886,0.263694387828066,0.0465185626127873,0.336837466217877,0.549949126673956,0.756429130133056,0.971331849069805
"betaTemp",0.560774113115161,0.272638491038944,0.0547018445511613,0.345220140553986,0.582741373207427,0.794489002564188,0.979890802304751
"betaTemp",0.542156200378293,0.247107300028555,0.0685423888734982,0.356975027175468,0.542190132220252,0.739746915926259,0.969821731025777
"betaTemp",0.432795141300107,0.22577888921482,0.0477010665755996,0.26315615204157,0.419933149118579,0.586173237142937,0.898881384954712
"betaTemp",0.485011093482712,0.243435550408019,0.0542338662129235,0.292357808398915,0.483222944483005,0.667254606836672,0.938484713583787
"betaTemp",0.577826932864668,0.254091281757318,0.0621804268836174,0.387565561430908,0.590592562068486,0.794312858093077,0.975795519248737
"betaTemp",0.62245988300969,0.238728971297131,0.118848659841174,0.450770211403595,0.642068134156398,0.820361979392596,0.984092089609911
"betaTemp",0.559683524619351,0.271471944214737,0.0517674571912104,0.344305732499034,0.581391274499164,0.784912415443608,0.981766392744949
"betaTemp",0.538775378525409,0.270090582244153,0.0323752789510719,0.329675697575271,0.55473583145034,0.767191027282407,0.972845577691329
"betaTemp",0.535744542007625,0.279540265620277,0.035962750361167,0.30014967757137,0.555110410576734,0.775155965342918,0.976292365833264
"betaTemp",0.529734767253567,0.25530942587215,0.0498711642767474,0.334944711384446,0.540599704382952,0.737605085070922,0.961570129922012
"betaTemp",0.274371267377255,0.211181445277902,0.00949128040804452,0.0963996559849689,0.228194476407062,0.411567754489729,0.75946194898386
"betaTemp",0.340012347317122,0.251379189554865,0.0124867128306329,0.131731497609462,0.287814754774474,0.507134459462779,0.917494232784453
"betaTemp",0.538131617985264,0.275296743085587,0.0413937194954303,0.314714045248403,0.551744756349263,0.770088662867887,0.97877306569995
"betaTemp",0.736075009414613,0.170249717863877,0.375223396876155,0.618789518125905,0.750658693330824,0.875665358397046,0.985302673242325
"betaTemp",0.396456845861059,0.247272473502741,0.0176999736492973,0.190160782596489,0.383855128460787,0.574357001519487,0.90442960669423
"betaTemp",0.629022998036271,0.248321968901978,0.0861033968485716,0.464016436869541,0.668612296476077,0.83346174206079,0.98160981094533
"betaTemp",0.358684414226652,0.216328615939738,0.0207020022753756,0.194058028317238,0.33322165199558,0.496033232169747,0.843268799542619
"betaTemp",0.842352620819144,0.120170019725092,0.557923443918273,0.77194920970642,0.867597317018436,0.939049750089961,0.994176064836129
"betaTemp",0.5091065792872,0.27145180736643,0.0336033282527415,0.287576869775612,0.508550886326775,0.732001968907179,0.973732850146992
"betaTemp",0.515323547434278,0.262941749102068,0.033309597636625,0.310793182997457,0.522923379813702,0.72746692177611,0.952067853793631
"betaTemp",0.514330714067419,0.27046854628094,0.042422598688393,0.293095004919216,0.51946880715112,0.73374120464063,0.972138986360645
"betaTemp",0.871572629720988,0.109269842052668,0.599609957646097,0.812664066004929,0.898783580138586,0.955355304138389,0.996486354249969
"betaTemp",0.533557889226062,0.213327021619578,0.131792271506194,0.37797919734057,0.531759787916678,0.684875837788106,0.938627909044419
"betaTemp",0.543393790654305,0.271539239086133,0.037915177461985,0.331472322376398,0.555345291094294,0.772716167667691,0.974942571376818
"betaTemp",0.643271912096421,0.209691066940636,0.203535595888314,0.495459751167642,0.651275948113151,0.808410283844601,0.981768353343261
"betaTemp",0.505874882613292,0.241919625779277,0.0547179373183213,0.324990042970825,0.511768111943932,0.694536278446363,0.941584657282183
"betaTemp",0.288230922762746,0.207740860623079,0.013886800525454,0.117874415669993,0.251589495615259,0.417542703154498,0.782182229199645
"betaTemp",0.569316094200298,0.255776214451552,0.0723340022751451,0.374726394501385,0.584598765185875,0.778038627422638,0.974135820937199
"betaTemp",0.653317703008853,0.2426319733029,0.0890779185804549,0.488955302357769,0.700458332977758,0.849984182848639,0.985794122262579
"betaTemp",0.385437136316489,0.250633691343414,0.0169872846856388,0.176463363579323,0.353304903894928,0.563879238399806,0.898335165772788
"betaTemp",0.635398440303905,0.210908700144562,0.17128922840485,0.498631193735429,0.655701720525466,0.797642838263322,0.96857284100254
"betaTemp",0.627284849538719,0.261572035515941,0.0672365014314245,0.436861679499751,0.667750892265713,0.84563414222109,0.987567891048411
"betaTemp",0.552956023642368,0.267903232483881,0.0545542778855651,0.336346678507285,0.575853190418707,0.773909760359554,0.978439795310727
"betaTemp",0.409478078913526,0.257775774631874,0.0219880317064996,0.193736290276217,0.386344393018214,0.593615422136399,0.956384714518812
"betaTemp",0.432814019928002,0.264142619786863,0.0230842521733522,0.210203361559627,0.415666577178578,0.634324454553752,0.939486617242818
"betaTemp",0.762794286024256,0.159747291124343,0.393311527526949,0.664770232439384,0.786628160422705,0.889200793654857,0.989168660703886
"betaTemp",0.545336943471065,0.268342259081903,0.048450371619794,0.333753726887364,0.560649460702216,0.770128691321057,0.974701677295331
"betaTemp",0.511594907036183,0.241965047159339,0.0636486888429967,0.331764183934907,0.516156595985528,0.696553357829303,0.951281112966298
"betaTemp",0.497957968785067,0.260450404457125,0.0353370406340656,0.294264663771432,0.49824108676829,0.704353860612125,0.961650083979567
"betaTemp",0.385544646706202,0.239679570069359,0.0223931481816394,0.194161936376136,0.359250835716873,0.557888799231558,0.891760402481398
"betaTemp",0.645961798409675,0.235101488082394,0.135664311924406,0.478886792661838,0.679355234577176,0.838629221496772,0.982347300945567
"betaTemp",0.54807101136138,0.269951330396123,0.0488041016264856,0.333289581569223,0.560965985253278,0.775897539838306,0.975403043464673
"betaTemp",0.629547663107685,0.204761147596455,0.203663000873474,0.489715445760821,0.643667285862863,0.784611421746831,0.970209205499686
"betaTemp",0.590555164523177,0.216381508527617,0.132940244098294,0.437912309643225,0.602479523292027,0.756550723466257,0.96088312356069
"betaTemp",0.211300130934637,0.164437749700335,0.0072950748701447,0.0799846236784035,0.174448683618271,0.305929825928455,0.613814561865596
"betaTemp",0.496269693723497,0.271895726068765,0.0306676077659068,0.262101303917849,0.50461217130799,0.712366638023116,0.96577118985587
"betaTemp",0.389578185678939,0.245076201679591,0.0177945660899206,0.186641617173033,0.361193161550752,0.561661631103883,0.890339571569247
"betaTemp",0.599681266298957,0.243669436132038,0.0916959211339996,0.421190978823524,0.619833090744991,0.793567151016866,0.98340618034802
"betaTemp",0.634263175595071,0.19553940626989,0.217183347389586,0.500758190852877,0.639268686240021,0.77927889402781,0.966940903637832
"betaTemp",0.366010154017118,0.216255845896833,0.0297623656974364,0.192702769242925,0.347930667268732,0.513381633126881,0.84054648726327
"betaTemp",0.554798901821612,0.208365327956849,0.161137129463956,0.401090752578295,0.554311152313163,0.710450821366794,0.956992387964193
"betaTemp",0.554423259330043,0.272719323712422,0.0445054624025111,0.34028166158524,0.569419599861485,0.789476331500023,0.979906199825878
"betaTemp",0.542985131413613,0.265781437483812,0.0457579232451787,0.334195661074051,0.559257089674873,0.768428997110324,0.972371917286332
"betaTemp",0.553490327333796,0.271244380795002,0.0462897233491843,0.334398402004281,0.569684170351675,0.785832571570914,0.977048788910904
"betaTemp",0.67128336649935,0.219058003633848,0.176477551489452,0.527556957368437,0.701045781193379,0.849297358494325,0.983837598665081
"betaTemp",0.406983246157898,0.259451270935664,0.0179655307829106,0.192925879587762,0.377711263498301,0.593763273248461,0.943745911258829
"betaTemp",0.789763980690102,0.149464092963478,0.432462364687349,0.700264254718629,0.817112693603557,0.909791439657177,0.985296347111552
"betaTemp",0.43915577307645,0.21421021412644,0.0624494368680434,0.282435392219648,0.428231621597674,0.590030071694554,0.880806344243323
"betaTemp",0.6445421124401,0.241871573281707,0.10746339861124,0.480462967055434,0.67839966989996,0.850177692791733,0.983195158598072
"betaTemp",0.334836122230065,0.241689570641273,0.011659638499035,0.13465480505463,0.288288563641293,0.497040248702542,0.882042036090532
"betaTemp",0.562818256142788,0.266168047772758,0.0554904072082886,0.359929059812969,0.579872323029738,0.784613380780903,0.977391989396466
"betaTemp",0.231623232008357,0.186930346708543,0.00964580533497762,0.0834547962789545,0.182724687113901,0.337014560554328,0.695083085865597
"betaTemp",0.262059155313395,0.199677420417849,0.0100708406550869,0.104840304497981,0.218766611867244,0.377177072841112,0.752959714759091
"betaTemp",0.286171021614152,0.220055951712706,0.00814507869919323,0.10292480841922,0.239868572132203,0.425907146178525,0.805517025273131
"betaTemp",0.652246567657132,0.214869923193647,0.17651998431586,0.506474070237828,0.673381959298776,0.821142308841875,0.980494804240631
"betaTemp",0.848942864938254,0.118057743342373,0.560343985537002,0.778602009025367,0.874970525604349,0.944351717147968,0.994821749038057
"betaTemp",0.342531303372674,0.214008164101734,0.0222628707547215,0.174924053258909,0.318641839667476,0.482652222919378,0.821566278601301
"betaTemp",0.643947089835562,0.23641435732303,0.134272465872444,0.477553889212563,0.67232183145856,0.837794978898359,0.983505413796186
"betaTemp",0.178933208040412,0.158116802307718,0.00521485252916457,0.0597871311762928,0.137209541267635,0.251388860399573,0.569493949004873
"betaTemp",0.546847877866752,0.27140930087645,0.0409796633396706,0.325271472729611,0.566349326343712,0.775535253832454,0.967132537962262
"betaTemp",0.414453810039113,0.257422192193587,0.0224755330745938,0.199720997729078,0.391622524640135,0.603282029903084,0.930595894105762
"betaTemp",0.877442326254249,0.1087822899121,0.599332023272121,0.820538359180782,0.910319134743802,0.959501120686114,0.99553040540842
"betaTemp",0.280709363022747,0.198553068508313,0.013934837189476,0.124637480550431,0.243122590995481,0.394391913383559,0.764291011539858
"betaTemp",0.67644830238768,0.205865377289037,0.222853921365258,0.545979935318109,0.699771802290318,0.838368808409754,0.981802290729577
"betaTemp",0.447452141388321,0.263610584083626,0.0252553725399459,0.233363039239338,0.426579569496751,0.644534884264424,0.945825368818857
"betaTemp",0.450917876601266,0.24378213166354,0.040309948009679,0.262647980726557,0.439919427053726,0.628670973474631,0.932859283729673
"betaTemp",0.281220573970217,0.20422111846922,0.00945263092234725,0.118597989664069,0.241730685164253,0.404378512599768,0.781132817291061
"betaTemp",0.545906367885086,0.269275254964573,0.0459102954259928,0.331123215310525,0.561188034851528,0.771894609694649,0.972752216554577
"betaTemp",0.350827478138701,0.233055830667569,0.0145890165536835,0.163539267738222,0.315686367268482,0.5086766039956,0.870851574628184
"betaTemp",0.360359327642753,0.248167230968312,0.0134041948023869,0.153858813026087,0.325813756308849,0.529564471466785,0.897193524890011
"betaTemp",0.446372047034014,0.232790128506529,0.0378750617585167,0.269166198391803,0.429751672938591,0.610733307997482,0.924933561892241
"betaTemp",0.758305048372523,0.176849690366207,0.348093610043356,0.65403198523434,0.795382204059474,0.900594374592603,0.989977913672457
"betaTemp",0.526800489382668,0.220613679160056,0.0941513354026074,0.364445898237717,0.528091582109684,0.68975050355469,0.945952446524667
"betaTemp",0.494905367593511,0.238232133776116,0.053259793623086,0.315153554055934,0.499458250397695,0.669904534080564,0.931983015712997
