"","beta","delta","lambdaluce"
"",0,0,0
"beta",0.010430054171504,-6.56328982334792e-06,-0.0105435165535464
"delta",-6.56328982334792e-06,0.0069584209272354,0.0198856400333469
"lambdaluce",-0.0105435165535464,0.0198856400333469,1.59512204724432
"beta",0.0370966759236823,-0.00966161304622258,-0.128227631139186
"delta",-0.00966161304622258,0.0195662418712099,0.0507303527406993
"lambdaluce",-0.128227631139186,0.0507303527406993,1.83489362732304
"beta",0.0463607985496935,-0.000406553221092845,-0.109448810834136
"delta",-0.000406553221092845,0.0156824287355787,0.016861443119376
"lambdaluce",-0.109448810834136,0.016861443119376,1.0286709089611
"beta",0.0580573946091376,-0.0012546114847015,-0.0495429728781763
"delta",-0.0012546114847015,0.0276625960805382,0.0139148720595458
"lambdaluce",-0.0495429728781763,0.0139148720595458,0.202888293415149
"beta",0.0570508002568585,-0.0116096866657452,-0.161623656379135
"delta",-0.0116096866657452,0.0191907668517333,0.0443655370061
"lambdaluce",-0.161623656379135,0.0443655370061,1.60919310688295
"beta",0.0419034161914572,0.00049777627699657,-0.0363005446502586
"delta",0.00049777627699657,0.0385717345353459,0.00509041291418213
"lambdaluce",-0.0363005446502586,0.00509041291418213,0.206557651475485
"beta",0.0451006756100676,-0.00437713743218651,-0.0350354287016963
"delta",-0.00437713743218651,0.0441022445787801,0.0117984299160465
"lambdaluce",-0.0350354287016963,0.0117984299160465,0.177485784860758
"beta",0.0500786407005198,-0.0029572023626011,-0.0470737826592479
"delta",-0.0029572023626011,0.0346571041922192,0.0125363356397131
"lambdaluce",-0.0470737826592479,0.0125363356397131,0.261559388947484
"beta",0.0770196386632166,0.000341451890999334,-0.0993950902983637
"delta",0.000341451890999334,0.00990623635168841,0.00592576435069802
"lambdaluce",-0.0993950902983637,0.00592576435069802,0.430255420312608
"beta",0.0678393834380308,0.00168261301245223,-0.0981406027599741
"delta",0.00168261301245223,0.00980222555458961,0.0508502784685046
"lambdaluce",-0.0981406027599741,0.0508502784685046,1.36074707333256
"beta",0.0734527756320589,-0.00323010402000454,-0.10535263201555
"delta",-0.00323010402000454,0.00556267150241965,-0.00517326758441365
"lambdaluce",-0.10535263201555,-0.00517326758441365,1.57019766667795
"beta",0.07006827359435,-0.00159057455380255,-0.125933389027463
"delta",-0.00159057455380255,0.0140350322931302,0.0453101231467321
"lambdaluce",-0.125933389027463,0.0453101231467321,0.824636534036204
"beta",0.052214358969413,-0.01484061993639,-0.147683841359028
"delta",-0.01484061993639,0.0225654124755766,0.0513047444550255
"lambdaluce",-0.147683841359028,0.0513047444550255,1.4289325121896
"beta",0.0512273804564902,-0.00519890926286102,-0.134953596980118
"delta",-0.00519890926286102,0.0280557610733466,0.0511622841190067
"lambdaluce",-0.134953596980118,0.0511622841190067,1.40078793987381
"beta",0.0522642753991179,-0.00177315730791081,-0.134339317037136
"delta",-0.00177315730791081,0.0122609683988851,0.0271469714338617
"lambdaluce",-0.134339317037136,0.0271469714338617,1.86198343138522
"beta",0.0490498169590794,-0.00832503581854107,-0.152668897841422
"delta",-0.00832503581854107,0.0121081957994271,0.0387796558492799
"lambdaluce",-0.152668897841422,0.0387796558492799,1.87543319858008
"beta",0.018733828517353,-0.000359082470217731,-0.0214733319953296
"delta",-0.000359082470217731,0.0092504448003159,0.0161691828771323
"lambdaluce",-0.0214733319953296,0.0161691828771323,1.2630326186484
"beta",0.0697801658234042,-0.000953633872118841,-0.0499195432783673
"delta",-0.000953633872118841,0.031298998552658,0.0161213153333727
"lambdaluce",-0.0499195432783673,0.0161213153333727,0.306461009930807
"beta",0.0499498295656022,-0.00388873542593661,-0.137172443754886
"delta",-0.00388873542593661,0.0267213404083443,0.0282201994257674
"lambdaluce",-0.137172443754886,0.0282201994257674,1.33381593674561
"beta",0.0755317266689775,-0.00260366128075583,-0.106805396377003
"delta",-0.00260366128075583,0.00753534323214765,-0.000402041651918825
"lambdaluce",-0.106805396377003,-0.000402041651918825,1.67425328435411
"beta",0.0487565112594756,-0.0115595907237625,-0.113476199237848
"delta",-0.0115595907237625,0.0110346265668325,0.0409541306683157
"lambdaluce",-0.113476199237848,0.0409541306683157,1.59892762907314
"beta",0.0463730593600669,-0.00413132011938798,-0.117806360776548
"delta",-0.00413132011938798,0.0260279432265948,0.0402697473218704
"lambdaluce",-0.117806360776548,0.0402697473218704,1.16973217803941
"beta",0.0314987026228416,-0.00438245277593159,-0.047244682473129
"delta",-0.00438245277593159,0.00724984930900248,0.0269855099879216
"lambdaluce",-0.047244682473129,0.0269855099879216,1.62461426854323
"beta",0.0701495403212876,-0.0024057432164527,-0.0925863416755822
"delta",-0.0024057432164527,0.00897464500170252,0.00262697911695587
"lambdaluce",-0.0925863416755822,0.00262697911695587,1.82851289160249
"beta",0.0659097725590328,-0.00278145190566453,-0.0877356178609747
"delta",-0.00278145190566453,0.00653111172772835,-0.0190238597169539
"lambdaluce",-0.0877356178609747,-0.0190238597169539,1.60730830000973
"beta",0.0619201376855119,0.00468948809072373,-0.0628936960483164
"delta",0.00468948809072373,0.0215812832834746,0.0238458696256224
"lambdaluce",-0.0628936960483164,0.0238458696256224,0.291373436737882
"beta",0.0338959546213728,-0.00318701552000913,-0.0320430720415079
"delta",-0.00318701552000913,0.00536227849890381,0.0203594961899574
"lambdaluce",-0.0320430720415079,0.0203594961899574,1.69109307898134
"beta",0.0691901100523661,-0.000351123077894339,-0.0660314830635447
"delta",-0.000351123077894339,0.0158073253990064,0.00947619006100452
"lambdaluce",-0.0660314830635447,0.00947619006100452,0.249981310329429
"beta",0.0627959124724254,-0.000628995456384022,-0.0859439499465142
"delta",-0.000628995456384022,0.00785337682832604,0.00648938519975103
"lambdaluce",-0.0859439499465142,0.00648938519975103,0.317032753567518
"beta",0.0738357358134282,-0.00282189058769308,-0.0901891012358638
"delta",-0.00282189058769308,0.00717103879672371,-0.0132180417884883
"lambdaluce",-0.0901891012358638,-0.0132180417884883,1.77627136500054
"beta",0.0417250498841326,-0.00378825811582405,-0.0949993611421626
"delta",-0.00378825811582405,0.0239234507100654,0.0194644341000751
"lambdaluce",-0.0949993611421626,0.0194644341000751,0.844588185735552
"beta",0.0723069730175385,0.000183533910228203,-0.106418094915325
"delta",0.000183533910228203,0.0115081313406066,0.0344532381113725
"lambdaluce",-0.106418094915325,0.0344532381113725,0.686111406925633
"beta",0.0530231354513878,-0.000141565399550036,-0.14440600867312
"delta",-0.000141565399550036,0.0114267497890587,0.0213610615848868
"lambdaluce",-0.14440600867312,0.0213610615848868,1.66961901662827
"beta",0.0669321818227656,-0.00512211008950635,-0.145032923835443
"delta",-0.00512211008950635,0.0074244716616846,0.0550728727365142
"lambdaluce",-0.145032923835443,0.0550728727365142,1.75244063997464
"beta",0.0679693554083625,0.0015733269767055,-0.115585541385563
"delta",0.0015733269767055,0.0105973098795169,0.00998855778242436
"lambdaluce",-0.115585541385563,0.00998855778242436,0.727977120810681
"beta",0.0477676668867621,-0.0108015179577016,-0.16063477640499
"delta",-0.0108015179577016,0.0168947389426097,0.05250881470352
"lambdaluce",-0.16063477640499,0.05250881470352,2.05026233887175
"beta",0.0410830166474196,-0.00145305677459005,-0.0607695406618856
"delta",-0.00145305677459005,0.00956544526966749,0.00938324138832836
"lambdaluce",-0.0607695406618856,0.00938324138832836,0.331287049478963
"beta",0.0449796034536798,-0.011481148535415,-0.120773417162442
"delta",-0.011481148535415,0.0109107266804105,0.0373172684333119
"lambdaluce",-0.120773417162442,0.0373172684333119,1.79375244070074
"beta",0.0715240955463861,-0.00207944205693313,-0.0726597145962722
"delta",-0.00207944205693313,0.00461360718247711,-0.00624860078276005
"lambdaluce",-0.0726597145962722,-0.00624860078276005,1.72170807328514
"beta",0.0256285863467447,-0.00608788106782783,-0.0792687034492752
"delta",-0.00608788106782783,0.011852631011128,0.0292198156602691
"lambdaluce",-0.0792687034492752,0.0292198156602691,1.68030207147337
"beta",0.0243557646398562,0.000923985629274139,-0.0432732604417368
"delta",0.000923985629274139,0.00709065295443171,0.0158549201845877
"lambdaluce",-0.0432732604417368,0.0158549201845877,0.905010677217322
"beta",0.0314271597314127,-0.00287279326149056,-0.0697970658639581
"delta",-0.00287279326149056,0.0197488245306796,0.0482759014207289
"lambdaluce",-0.0697970658639581,0.0482759014207289,0.76290016886096
"beta",0.0361577129834929,-0.0019954898550114,-0.0259930335100695
"delta",-0.0019954898550114,0.0457464203351181,0.00596894828559021
"lambdaluce",-0.0259930335100695,0.00596894828559021,0.160086239932566
"beta",0.0558106654133519,-0.00128725792116077,-0.0930871318148945
"delta",-0.00128725792116077,0.0270508753532085,0.0219476153171219
"lambdaluce",-0.0930871318148945,0.0219476153171219,0.629701508158203
"beta",0.0726163204240708,-0.00135480165742357,-0.0829686025688318
"delta",-0.00135480165742357,0.00730724980357473,-0.00379130578132484
"lambdaluce",-0.0829686025688318,-0.00379130578132484,1.78507954123527
"beta",0.0519234328021475,-0.00251188771970912,-0.162764039828122
"delta",-0.00251188771970912,0.020526655304937,0.0313290948029276
"lambdaluce",-0.162764039828122,0.0313290948029276,1.67088426455281
"beta",0.0664594136660265,-0.00275008286962521,-0.0752966450227311
"delta",-0.00275008286962521,0.00579290358669966,0.0157093890567947
"lambdaluce",-0.0752966450227311,0.0157093890567947,1.62571133383483
"beta",0.0366448940886725,-0.00311077981698969,-0.0893906153045983
"delta",-0.00311077981698969,0.0242175846858998,0.0287449482841929
"lambdaluce",-0.0893906153045983,0.0287449482841929,0.877152921912075
"beta",0.0614215100904147,-0.00209633239354774,-0.0634803342402562
"delta",-0.00209633239354774,0.00689657893313181,0.026216890198084
"lambdaluce",-0.0634803342402562,0.026216890198084,1.64533181111297
"beta",0.0375669594733975,-0.00383003870899593,-0.0638598184548859
"delta",-0.00383003870899593,0.00943261194658138,0.0175039140705157
"lambdaluce",-0.0638598184548859,0.0175039140705157,1.18791428915498
"beta",0.0488309168934314,-0.00627174808478417,-0.0773771790511124
"delta",-0.00627174808478417,0.0256725208222518,0.0317379850134576
"lambdaluce",-0.0773771790511124,0.0317379850134576,0.563553563628474
"beta",0.0763870728836711,-0.00346753143757496,-0.141745619964647
"delta",-0.00346753143757496,0.00753572037661002,-0.00301006014771423
"lambdaluce",-0.141745619964647,-0.00301006014771423,1.87527855346975
"beta",0.0497673634651053,-0.00575800562003645,-0.0462482467496311
"delta",-0.00575800562003645,0.0042482173087006,0.028477816044675
"lambdaluce",-0.0462482467496311,0.028477816044675,1.822124440645
"beta",0.0657877628858533,0.00400432551285733,-0.0499115755041678
"delta",0.00400432551285733,0.0457800778101,0.00917761623827123
"lambdaluce",-0.0499115755041678,0.00917761623827123,0.21666938962332
"beta",0.0727918111036397,-0.00358885659659089,-0.082112285623772
"delta",-0.00358885659659089,0.00820834495091135,0.0014582575849308
"lambdaluce",-0.082112285623772,0.0014582575849308,1.75636607831073
"beta",0.0700116934823368,-0.00136831931801798,-0.0850056357894588
"delta",-0.00136831931801798,0.00463409319407548,-0.0106694971185803
"lambdaluce",-0.0850056357894588,-0.0106694971185803,1.77863903908966
"beta",0.0564515932533113,-0.00380153992748394,-0.130504472760235
"delta",-0.00380153992748394,0.0145444372435976,0.031024333806955
"lambdaluce",-0.130504472760235,0.031024333806955,1.033913889365
"beta",0.0426461946389684,-0.00896297029399218,-0.142661176676755
"delta",-0.00896297029399218,0.0192474530228311,0.0611004809791015
"lambdaluce",-0.142661176676755,0.0611004809791015,1.97518405101742
"beta",0.0670169156579593,-0.00825727237451488,-0.0693943769087062
"delta",-0.00825727237451488,0.0307721688618261,0.0292269671253793
"lambdaluce",-0.0693943769087062,0.0292269671253793,0.432136126987728
"beta",0.0363797382829132,-0.00153605620661392,-0.107478332469489
"delta",-0.00153605620661392,0.0122005580393441,0.0338884036620838
"lambdaluce",-0.107478332469489,0.0338884036620838,1.66952670405238
"beta",0.0601813092406679,0.00029224684044,-0.104603977604595
"delta",0.00029224684044,0.0197835518494408,0.0264250853579191
"lambdaluce",-0.104603977604595,0.0264250853579191,0.865418548196771
"beta",0.0574779022240398,-0.00382006827992134,-0.0751573587472987
"delta",-0.00382006827992134,0.00601648181398627,0.00407156090021087
"lambdaluce",-0.0751573587472987,0.00407156090021087,1.64516959345517
"beta",0.0624857863993417,-0.00227768441329738,-0.0855505690821139
"delta",-0.00227768441329738,0.00770578536733518,0.0239000787113863
"lambdaluce",-0.0855505690821139,0.0239000787113863,1.76461584627622
"beta",0.0420910314854244,-0.00852557371273003,-0.15520488065659
"delta",-0.00852557371273003,0.0174618827620509,0.0453781538857367
"lambdaluce",-0.15520488065659,0.0453781538857367,1.90201078516488
"beta",0.0428659617909971,-0.00326074280847742,-0.0633737446172639
"delta",-0.00326074280847742,0.0229284493393181,0.0194926631373158
"lambdaluce",-0.0633737446172639,0.0194926631373158,0.431161126359549
"beta",0.04325759455542,5.69951899033623e-05,-0.0714978164309653
"delta",5.69951899033623e-05,0.0327716843041025,0.0251841811048199
"lambdaluce",-0.0714978164309653,0.0251841811048199,0.561599921952222
"beta",0.0719968616072629,0.000165981494413307,-0.115088872868556
"delta",0.000165981494413307,0.00745700919398051,0.00508135147667012
"lambdaluce",-0.115088872868556,0.00508135147667012,0.728433200731574
"beta",0.0362154301167493,-0.00675560037919911,-0.0796391182693317
"delta",-0.00675560037919911,0.0136506066022361,0.0104164881253017
"lambdaluce",-0.0796391182693317,0.0104164881253017,1.83284026066366
"beta",0.0490501912343693,-0.00230558231754122,-0.0561260286773918
"delta",-0.00230558231754122,0.024073176609618,0.0196092966085993
"lambdaluce",-0.0561260286773918,0.0196092966085993,0.453919691984711
"beta",0.0389375088678825,-0.00363924572097607,-0.0727205533691753
"delta",-0.00363924572097607,0.0171939214961413,0.0270572445757256
"lambdaluce",-0.0727205533691753,0.0270572445757256,1.10931520170581
"beta",0.064482090883668,-0.00224605004895428,-0.146489845916398
"delta",-0.00224605004895428,0.0123528240310233,0.0398735020567395
"lambdaluce",-0.146489845916398,0.0398735020567395,1.1338318404322
"beta",0.0773147639654338,-0.00226287606053301,-0.0910789781908102
"delta",-0.00226287606053301,0.0050975740235301,-0.0058306381670501
"lambdaluce",-0.0910789781908102,-0.0058306381670501,1.72938671575452
"beta",0.0426076966359598,-0.00307994471337765,-0.133938691686946
"delta",-0.00307994471337765,0.00913703232436,0.0567576592707045
"lambdaluce",-0.133938691686946,0.0567576592707045,1.73149013067111
"beta",0.0583865510217842,0.000242388263551599,-0.0739078692308034
"delta",0.000242388263551599,0.0298100602477654,0.00329782906195751
"lambdaluce",-0.0739078692308034,0.00329782906195751,0.393055571931634
"beta",0.0723769373302079,-0.00197800486981166,-0.10477211517557
"delta",-0.00197800486981166,0.00413898507101467,-0.00255852070663615
"lambdaluce",-0.10477211517557,-0.00255852070663615,1.78726877213751
"beta",0.05103216685437,-0.00233639074784079,-0.0557067070976202
"delta",-0.00233639074784079,0.0353281941180488,0.0204536331374767
"lambdaluce",-0.0557067070976202,0.0204536331374767,0.392501218950551
"beta",0.0754138577632737,-0.00156014479597364,-0.0902909281235306
"delta",-0.00156014479597364,0.00727108326388439,-0.0155303709331795
"lambdaluce",-0.0902909281235306,-0.0155303709331795,1.83818868846862
"beta",0.0435407355329371,-0.00396207499932372,-0.156095934960957
"delta",-0.00396207499932372,0.0150228369315235,0.0367024951981521
"lambdaluce",-0.156095934960957,0.0367024951981521,1.98364796367938
"beta",0.0277226924735721,-0.00342976689102959,-0.110811857536291
"delta",-0.00342976689102959,0.0207894861938724,0.0275729395595438
"lambdaluce",-0.110811857536291,0.0275729395595438,1.66072731006435
"beta",0.0721253734963952,-0.00121394984147269,-0.0759883177844573
"delta",-0.00121394984147269,0.00319636522230043,-0.00894611099366893
"lambdaluce",-0.0759883177844573,-0.00894611099366893,1.77918446883572
"beta",0.0675431873299362,-0.0006759506511881,-0.135642216617388
"delta",-0.0006759506511881,0.0101819408683125,0.0102243958738625
"lambdaluce",-0.135642216617388,0.0102243958738625,0.842958037695493
"beta",0.0389979639356516,-0.0029603657854605,-0.0442297897723031
"delta",-0.0029603657854605,0.0394795341174653,0.0117268240205353
"lambdaluce",-0.0442297897723031,0.0117268240205353,0.275581827202114
"beta",0.0711962629434415,-0.000718067491860303,-0.0766915921257867
"delta",-0.000718067491860303,0.00345526507617512,-0.0127805688460435
"lambdaluce",-0.0766915921257867,-0.0127805688460435,1.85969698687153
"beta",0.0681029381301535,-0.000733077969816844,-0.0909672415190975
"delta",-0.000733077969816844,0.00771107565481086,0.00797070774483269
"lambdaluce",-0.0909672415190975,0.00797070774483269,0.435168609693782
"beta",0.0738324451719597,-0.00311476992486828,-0.125777915462732
"delta",-0.00311476992486828,0.00797707795498408,-0.00846981647511818
"lambdaluce",-0.125777915462732,-0.00846981647511818,1.75657461348563
"beta",0.0252867420094687,0.000893182915550461,-0.0602642587246723
"delta",0.000893182915550461,0.0060329532220107,0.0160024217129732
"lambdaluce",-0.0602642587246723,0.0160024217129732,1.71809250051297
"beta",0.0500408883831835,-0.000709974027409845,-0.134901222339827
"delta",-0.000709974027409845,0.0133943719254022,0.0326585717261526
"lambdaluce",-0.134901222339827,0.0326585717261526,1.68462526852628
"beta",0.0543390402612674,-0.00193721365304245,-0.0939814642705236
"delta",-0.00193721365304245,0.0052837231673324,0.0407688009262303
"lambdaluce",-0.0939814642705236,0.0407688009262303,1.77015941385545
"beta",0.0494226059108959,-0.000485183141224564,-0.0422567747152539
"delta",-0.000485183141224564,0.0355614376263757,0.0112471115998647
"lambdaluce",-0.0422567747152539,0.0112471115998647,0.278023788705936
"beta",0.0649949837112352,-0.00169598082667983,-0.0467457382756584
"delta",-0.00169598082667983,0.0245382469663034,0.0100374514785302
"lambdaluce",-0.0467457382756584,0.0100374514785302,0.372113806977843
"beta",0.0432497151362348,-0.00996069985355668,-0.136023265343487
"delta",-0.00996069985355668,0.0220243142984833,0.0484409557899231
"lambdaluce",-0.136023265343487,0.0484409557899231,1.57699202301573
"beta",0.0405673074193066,-0.00887462985390199,-0.0751742402154869
"delta",-0.00887462985390199,0.0291500350178804,0.0354518033674094
"lambdaluce",-0.0751742402154869,0.0354518033674094,0.684087431076669
"beta",0.0426522289118636,-0.00425668497516643,-0.119643866775322
"delta",-0.00425668497516643,0.0114443255220076,0.0234105055305817
"lambdaluce",-0.119643866775322,0.0234105055305817,1.62294182018757
"beta",0.0557684942313557,-0.000992943963655334,-0.122785366703073
"delta",-0.000992943963655334,0.0144474469102422,0.0213727905036657
"lambdaluce",-0.122785366703073,0.0213727905036657,1.23637896978574
"beta",0.0744273795197483,-0.00113693917490327,-0.104145088317254
"delta",-0.00113693917490327,0.0037289525344333,-0.00916344869730923
"lambdaluce",-0.104145088317254,-0.00916344869730923,1.85059815254885
"beta",0.0455199556162149,-0.00221555411335313,-0.126364320117953
"delta",-0.00221555411335313,0.0144117323436055,0.0418604644568496
"lambdaluce",-0.126364320117953,0.0418604644568496,1.76499480943769
"beta",0.0704031737213072,-0.00158419189692059,-0.102379735785484
"delta",-0.00158419189692059,0.00465389243227805,-0.00153302747422283
"lambdaluce",-0.102379735785484,-0.00153302747422283,0.666209199956406
"beta",0.0696890675858589,-0.0025116079849634,-0.107913511652882
"delta",-0.0025116079849634,0.00665970880440695,-0.00259224974770681
"lambdaluce",-0.107913511652882,-0.00259224974770681,1.83150812804766
"beta",0.0273953616697161,-0.000927407010930807,-0.0775824683840584
"delta",-0.000927407010930807,0.0131124254835575,0.0270614022386602
"lambdaluce",-0.0775824683840584,0.0270614022386602,1.82183676922618
"beta",0.0268006016392668,-0.00386237364330625,-0.0334768119442318
"delta",-0.00386237364330625,0.00326270456393754,0.0219353755027639
"lambdaluce",-0.0334768119442318,0.0219353755027639,1.77690992973762
"beta",0.0411125838933356,-0.00989715590985932,-0.0564175915022703
"delta",-0.00989715590985932,0.00745207578499095,0.0107668093228359
"lambdaluce",-0.0564175915022703,0.0107668093228359,1.73038804211252
"beta",0.0581289938083247,-0.00842582982829163,-0.127553678865763
"delta",-0.00842582982829163,0.0186258297379457,0.0310696209371911
"lambdaluce",-0.127553678865763,0.0310696209371911,1.31626733959902
"beta",0.0396449436682372,-0.000903505350167498,-0.0875133265734536
"delta",-0.000903505350167498,0.0120064164409744,0.0305627916359116
"lambdaluce",-0.0875133265734536,0.0305627916359116,0.659727843182827
"beta",0.0725719927184907,-0.00171479127576736,-0.101504256290297
"delta",-0.00171479127576736,0.00638405871429453,-0.00575421786765991
"lambdaluce",-0.101504256290297,-0.00575421786765991,1.75889176559251
"beta",0.0755041062503257,-0.00240309512896643,-0.0798144844240664
"delta",-0.00240309512896643,0.00415684508886607,-0.00398860279272579
"lambdaluce",-0.0798144844240664,-0.00398860279272579,1.70150203013163
"beta",0.0203357101329201,0.000447934266278333,-0.0221473530024248
"delta",0.000447934266278333,0.00824551592716011,0.0256947125046622
"lambdaluce",-0.0221473530024248,0.0256947125046622,1.28237217585775
"beta",0.0682084463110372,-0.000617615404309811,-0.13605662545147
"delta",-0.000617615404309811,0.00783701541515694,0.011491871345132
"lambdaluce",-0.13605662545147,0.011491871345132,0.827933723587148
"beta",0.0730225285273075,-0.000739346448753714,-0.0879339708163256
"delta",-0.000739346448753714,0.00331964361261642,-0.00655358810251353
"lambdaluce",-0.0879339708163256,-0.00655358810251353,1.77474285521528
"beta",0.04544196773635,-0.00144460900513862,-0.0687747876061207
"delta",-0.00144460900513862,0.0229165788932903,0.011290542377753
"lambdaluce",-0.0687747876061207,0.011290542377753,0.438136402572283
"beta",0.0627984260402375,-0.00338655589018902,-0.1744070281185
"delta",-0.00338655589018902,0.00647464899888923,0.044530377434155
"lambdaluce",-0.1744070281185,0.044530377434155,1.83475192379923
"beta",0.0710086357418242,-0.00391149501548148,-0.0876933588039861
"delta",-0.00391149501548148,0.00653539990588446,-0.00344059946206528
"lambdaluce",-0.0876933588039861,-0.00344059946206528,1.60282825456305
"beta",0.0550878710959226,-0.00877523566765114,-0.136519657408421
"delta",-0.00877523566765114,0.0224054160491492,0.054728182007892
"lambdaluce",-0.136519657408421,0.054728182007892,1.43619181576536
"beta",0.0496354081773005,-0.00256762444017897,-0.177410961351989
"delta",-0.00256762444017897,0.0196031134671402,0.0537450076592515
"lambdaluce",-0.177410961351989,0.0537450076592515,2.0488424255698
"beta",0.0425270436557914,-0.00931945502363311,-0.142973739647176
"delta",-0.00931945502363311,0.0224396782769457,0.059251815834435
"lambdaluce",-0.142973739647176,0.059251815834435,1.70274169123016
"beta",0.0712671188290963,0.000106757058335526,-0.102669423672999
"delta",0.000106757058335526,0.0118623352914121,0.0152059297941476
"lambdaluce",-0.102669423672999,0.0152059297941476,0.555290528476666
"beta",0.0365228575321555,-0.00426937760729233,-0.0742570305840927
"delta",-0.00426937760729233,0.0311701454522491,0.0212432166310074
"lambdaluce",-0.0742570305840927,0.0212432166310074,0.609266952680973
"beta",0.0574926280777829,-0.00618879011680508,-0.173245340092649
"delta",-0.00618879011680508,0.00841573955998016,0.0450977471414883
"lambdaluce",-0.173245340092649,0.0450977471414883,1.78002099154716
"beta",0.0481288020305212,-0.00724302043880276,-0.159367633468251
"delta",-0.00724302043880276,0.0130550798924099,0.0589153261052985
"lambdaluce",-0.159367633468251,0.0589153261052985,1.963637058175
"beta",0.0546876612603013,-0.0034439961809219,-0.0673130991423734
"delta",-0.0034439961809219,0.022050384992397,0.00307371525412693
"lambdaluce",-0.0673130991423734,0.00307371525412693,0.402592306421543
"beta",0.0519852456649393,0.000194193825141116,-0.063448248981405
"delta",0.000194193825141116,0.0241703071143847,0.0182224338557762
"lambdaluce",-0.063448248981405,0.0182224338557762,0.442674319944232
"beta",0.0784100918988002,-0.00158486415356912,-0.0759919196860386
"delta",-0.00158486415356912,0.00374552550985373,-0.00615101750836177
"lambdaluce",-0.0759919196860386,-0.00615101750836177,1.82935102035275
"beta",0.0676810727681321,-0.00448810419254679,-0.140646016969805
"delta",-0.00448810419254679,0.00669358149974367,0.0297943380176649
"lambdaluce",-0.140646016969805,0.0297943380176649,1.30204485238421
"beta",0.0616701513654635,-0.000260550933839083,-0.15707294072059
"delta",-0.000260550933839083,0.010324889197142,0.0332832998510188
"lambdaluce",-0.15707294072059,0.0332832998510188,1.19474817943268
"beta",0.0340526097329351,-0.000457994605970422,-0.0327127260773874
"delta",-0.000457994605970422,0.0158339018165994,0.0168577050973039
"lambdaluce",-0.0327127260773874,0.0168577050973039,0.702194315739363
"beta",0.0720691929299676,0.00176185684693186,-0.0715255096284258
"delta",0.00176185684693186,0.016397111618403,0.0235507036856171
"lambdaluce",-0.0715255096284258,0.0235507036856171,0.301688395387649
"beta",0.0582105000932915,0.000502023375558982,-0.0805730803706534
"delta",0.000502023375558982,0.0159866048238956,0.0132527793994539
"lambdaluce",-0.0805730803706534,0.0132527793994539,0.491760363554536
"beta",0.0563759964792088,-0.00469347168574913,-0.0720653296872176
"delta",-0.00469347168574913,0.00447039678777777,0.00997688130952697
"lambdaluce",-0.0720653296872176,0.00997688130952697,1.57333123826039
"beta",0.0652564170576135,-0.00168935018364637,-0.125119997067538
"delta",-0.00168935018364637,0.0108633361283495,0.0107324089386998
"lambdaluce",-0.125119997067538,0.0107324089386998,0.797580839302977
"beta",0.0231836692108365,-0.00181815486777422,-0.0517341648808173
"delta",-0.00181815486777422,0.0115324279978477,0.0109806788595895
"lambdaluce",-0.0517341648808173,0.0109806788595895,1.46025393543539
"beta",0.0438574045104724,-0.000574629076102927,-0.0711826326044342
"delta",-0.000574629076102927,0.0412731684393241,0.0207379552101714
"lambdaluce",-0.0711826326044342,0.0207379552101714,0.502436236176795
"beta",0.052719095919391,-0.00735228587328175,-0.115703249319138
"delta",-0.00735228587328175,0.0130234096551788,0.0409315218568984
"lambdaluce",-0.115703249319138,0.0409315218568984,1.76899847155402
"beta",0.0438907678398919,-0.00322520313394421,-0.120015741709972
"delta",-0.00322520313394421,0.00808549408988899,0.0501012561727236
"lambdaluce",-0.120015741709972,0.0501012561727236,1.74834747059604
"beta",0.0672973976265203,-0.00471759757563595,-0.0991058403582788
"delta",-0.00471759757563595,0.0176946941115121,0.0402809204975783
"lambdaluce",-0.0991058403582788,0.0402809204975783,0.513978498415552
"beta",0.0590286310098682,0.00143940775007789,-0.0883720984265433
"delta",0.00143940775007789,0.0167286147524234,0.0112079452316742
"lambdaluce",-0.0883720984265433,0.0112079452316742,0.503929914420603
"beta",0.0527475141230802,-0.00811752928001497,-0.104684095024933
"delta",-0.00811752928001497,0.00926680290259983,0.0503082820672294
"lambdaluce",-0.104684095024933,0.0503082820672294,1.83659110280269
"beta",0.0683926651172986,0.00121670242706655,-0.133797636040053
"delta",0.00121670242706655,0.00728602743291414,-0.00122822663799242
"lambdaluce",-0.133797636040053,-0.00122822663799242,0.814529906557601
"beta",0.0704315448017711,-0.000956529926824394,-0.108360199792086
"delta",-0.000956529926824394,0.00442162166044708,6.62462106341308e-06
"lambdaluce",-0.108360199792086,6.62462106341308e-06,0.678097743664807
"beta",0.0649398770864742,0.000155959733037846,-0.066420616197866
"delta",0.000155959733037846,0.0106944592600577,0.0382016731558049
"lambdaluce",-0.066420616197866,0.0382016731558049,1.87257798608924
"beta",0.0409265744466735,-0.000459454810713628,-0.149047989721454
"delta",-0.000459454810713628,0.00934049543209851,0.0190988640500095
"lambdaluce",-0.149047989721454,0.0190988640500095,1.80245489536803
"beta",0.0545763877575687,-0.00553455205271103,-0.164350652474612
"delta",-0.00553455205271103,0.0163375945426227,0.0390125791555734
"lambdaluce",-0.164350652474612,0.0390125791555734,1.67357197501045
"beta",0.0490162362414442,-0.0034821584346795,-0.0920710429718679
"delta",-0.0034821584346795,0.0277446412165495,0.0266488023518463
"lambdaluce",-0.0920710429718679,0.0266488023518463,0.833811801491558
"beta",0.0711226018985039,-0.000289043025453981,-0.0891446945775321
"delta",-0.000289043025453981,0.0061889844642784,0.00183226997676204
"lambdaluce",-0.0891446945775321,0.00183226997676204,0.403048185276823
"beta",0.0589196336253037,-0.00211623455474575,-0.175207891018518
"delta",-0.00211623455474575,0.0207964367989587,0.0159933391498013
"lambdaluce",-0.175207891018518,0.0159933391498013,1.50145223344134
"beta",0.0630568118813204,-0.00222440338955541,-0.0719372535711378
"delta",-0.00222440338955541,0.0070587015299712,0.0240430541038586
"lambdaluce",-0.0719372535711378,0.0240430541038586,1.6689143930931
"beta",0.073633872959731,-0.00223678767633711,-0.0848478970715707
"delta",-0.00223678767633711,0.00579416650014521,-0.00438899621372052
"lambdaluce",-0.0848478970715707,-0.00438899621372052,1.74324449086926
"beta",0.0430719688301499,-0.00726198361278164,-0.121680688584017
"delta",-0.00726198361278164,0.026214643029456,0.0600810756286615
"lambdaluce",-0.121680688584017,0.0600810756286615,1.4499685088662
"beta",0.0555757137212883,-0.00329159559456755,-0.124013568577157
"delta",-0.00329159559456755,0.0205882538740551,0.0523520809207323
"lambdaluce",-0.124013568577157,0.0523520809207323,1.5299529410117
"beta",0.0627234995295348,-0.00617203200558189,-0.0757420352093305
"delta",-0.00617203200558189,0.00389648184163174,0.00727534503602829
"lambdaluce",-0.0757420352093305,0.00727534503602829,1.46056836765691
"beta",0.0720056173797918,-0.00228400666099905,-0.0719797079179183
"delta",-0.00228400666099905,0.00552746843274972,-0.00405791458068977
"lambdaluce",-0.0719797079179183,-0.00405791458068977,1.67983837401076
"beta",0.0682994451794735,-0.00140714327329664,-0.0843073722478495
"delta",-0.00140714327329664,0.00904383181156415,0.0305084375746905
"lambdaluce",-0.0843073722478495,0.0305084375746905,1.71464573429135
"beta",0.0730445781455875,-0.00275923148221702,-0.0703537665285019
"delta",-0.00275923148221702,0.00461236095371947,-0.0035770114111898
"lambdaluce",-0.0703537665285019,-0.0035770114111898,1.72514277783171
"beta",0.0545754563494856,-0.00109385226053774,-0.128378455310083
"delta",-0.00109385226053774,0.0178080420575009,0.0166018027172075
"lambdaluce",-0.128378455310083,0.0166018027172075,1.09441828786024
"beta",0.0529670544988931,-0.00798054642693878,-0.104516546809935
"delta",-0.00798054642693878,0.0225978072184619,0.0294273445841303
"lambdaluce",-0.104516546809935,0.0294273445841303,0.955696601471015
"beta",0.0391183226087717,-0.00989881346845048,-0.137965556304502
"delta",-0.00989881346845048,0.0145526230028879,0.0270738719465571
"lambdaluce",-0.137965556304502,0.0270738719465571,1.72510269665304
"beta",0.071644359576223,-0.00354173594079577,-0.0817782246337067
"delta",-0.00354173594079577,0.00711295668377794,-0.0016149902837838
"lambdaluce",-0.0817782246337067,-0.0016149902837838,1.66905495674556
"beta",0.0609436734674709,-0.0135684482428614,-0.122813184277609
"delta",-0.0135684482428614,0.0129816018297829,0.031943708799459
"lambdaluce",-0.122813184277609,0.031943708799459,1.62214230585125
"beta",0.0730951036125797,-0.00124291926894566,-0.0993351623758142
"delta",-0.00124291926894566,0.00348496282945344,-0.00513014129865032
"lambdaluce",-0.0993351623758142,-0.00513014129865032,2.0299114682561
"beta",0.0712119345699654,-0.00166757378698783,-0.0758102703560401
"delta",-0.00166757378698783,0.0051040309592408,-0.00758320150609401
"lambdaluce",-0.0758102703560401,-0.00758320150609401,1.78619029445171
"beta",0.0545983784826773,-0.000411653713717154,-0.0649111616747361
"delta",-0.000411653713717154,0.00689346484010608,0.00206884523723022
"lambdaluce",-0.0649111616747361,0.00206884523723022,0.27993102045452
"beta",0.0489046566863352,0.000301112446568164,-0.0454881327555713
"delta",0.000301112446568164,0.0223240754118909,0.0102922170504503
"lambdaluce",-0.0454881327555713,0.0102922170504503,0.212720927520828
"beta",0.0690737665125261,-0.00238846340305702,-0.101354763166404
"delta",-0.00238846340305702,0.00974540534565793,0.0190233609043535
"lambdaluce",-0.101354763166404,0.0190233609043535,1.87053933746714
"beta",0.0651523562444787,-0.00252059310608205,-0.0605844492228361
"delta",-0.00252059310608205,0.00589846779675933,0.0478849466797705
"lambdaluce",-0.0605844492228361,0.0478849466797705,1.74764129753376
"beta",0.0463193060516427,-0.00386308257288703,-0.130419595908649
"delta",-0.00386308257288703,0.0151358717911497,0.0573366922692787
"lambdaluce",-0.130419595908649,0.0573366922692787,1.1453725348949
"beta",0.0561093465337952,-6.40671812920192e-05,-0.135347095552215
"delta",-6.40671812920192e-05,0.0156981359895337,0.0450306983190383
"lambdaluce",-0.135347095552215,0.0450306983190383,1.01732759664151
"beta",0.0692742391561755,-0.00148231642032826,-0.0874037146172233
"delta",-0.00148231642032826,0.00857226014995245,-0.00883936499781662
"lambdaluce",-0.0874037146172233,-0.00883936499781662,1.65821370763973
"beta",0.0334606708749497,-0.000960789365025355,-0.0775714048905006
"delta",-0.000960789365025355,0.0137400456590741,0.0264579408647223
"lambdaluce",-0.0775714048905006,0.0264579408647223,1.33016641793145
"beta",0.0275453506516275,-0.0026417621325118,-0.111316213809784
"delta",-0.0026417621325118,0.0142958710094035,0.0538800187319663
"lambdaluce",-0.111316213809784,0.0538800187319663,1.85901305339013
"beta",0.0222581016191053,-0.00340505282317111,-0.0429402385187982
"delta",-0.00340505282317111,0.01480154572514,0.0256230024409533
"lambdaluce",-0.0429402385187982,0.0256230024409533,1.59858276995331
"beta",0.0638249924721756,-0.00134458790004626,-0.0997425194707007
"delta",-0.00134458790004626,0.015035755610014,0.055428955198803
"lambdaluce",-0.0997425194707007,0.055428955198803,0.800846380194134
"beta",0.0631462863659215,-0.00207588368100071,-0.0615472162387163
"delta",-0.00207588368100071,0.0167760301498613,0.00768246173012035
"lambdaluce",-0.0615472162387163,0.00768246173012035,0.353726847850561
"beta",0.0394269611524641,-0.00528342081518853,-0.143529806298806
"delta",-0.00528342081518853,0.0152063583583293,0.0278395720967094
"lambdaluce",-0.143529806298806,0.0278395720967094,1.90477936449696
"beta",0.0366342575562798,-0.00242085604655777,-0.0796439517267769
"delta",-0.00242085604655777,0.0134088601328651,0.0141418497960243
"lambdaluce",-0.0796439517267769,0.0141418497960243,1.06591249248527
"beta",0.0518956225656518,-0.00595254546523413,-0.140567015320437
"delta",-0.00595254546523413,0.0157847881211196,0.0288861476412472
"lambdaluce",-0.140567015320437,0.0288861476412472,1.48074093177049
"beta",0.023648173534023,-0.000394659456065705,-0.0607459188755418
"delta",-0.000394659456065705,0.00765101999541647,0.0164262962789761
"lambdaluce",-0.0607459188755418,0.0164262962789761,1.76771322158813
"beta",0.0686786382334968,-0.00318862533159681,-0.111394768998381
"delta",-0.00318862533159681,0.0116114421057816,0.0290480018009194
"lambdaluce",-0.111394768998381,0.0290480018009194,0.656203360493369
"beta",0.0664430022693316,-0.00779884041953505,-0.138372245846768
"delta",-0.00779884041953505,0.012493217013209,0.0314246493439391
"lambdaluce",-0.138372245846768,0.0314246493439391,0.90635878944097
"beta",0.0758088814211963,-0.00247000501481869,-0.0999589060033829
"delta",-0.00247000501481869,0.00550567877132241,-0.0110661618349368
"lambdaluce",-0.0999589060033829,-0.0110661618349368,1.80779820919807
"beta",0.0712524652428409,-0.00316847146232946,-0.0881420361665909
"delta",-0.00316847146232946,0.00652282476412931,-0.00707497824088243
"lambdaluce",-0.0881420361665909,-0.00707497824088243,1.66708980648215
"beta",0.0274026854312789,-0.000846495663645416,-0.0585131144887428
"delta",-0.000846495663645416,0.00877654944515413,0.00722605828295525
"lambdaluce",-0.0585131144887428,0.00722605828295525,0.98144326657797
"beta",0.0481426339546668,-0.000421356509730092,-0.0750148345843262
"delta",-0.000421356509730092,0.00811293958841756,0.00536836828354371
"lambdaluce",-0.0750148345843262,0.00536836828354371,0.342948215111435
"beta",0.0599559838191099,5.33459433072436e-05,-0.0912827258381203
"delta",5.33459433072436e-05,0.0125390739983038,0.00928113114124076
"lambdaluce",-0.0912827258381203,0.00928113114124076,0.617210717770663
"beta",0.0656729856842432,-0.00228425339749814,-0.0312652826934034
"delta",-0.00228425339749814,0.036004968880848,-0.000415727151272716
"lambdaluce",-0.0312652826934034,-0.000415727151272716,0.153905012816689
"beta",0.0376542235432873,-0.00292297783778424,-0.104450990590005
"delta",-0.00292297783778424,0.0105105081328,0.0289968896536699
"lambdaluce",-0.104450990590005,0.0289968896536699,1.80212688909184
"beta",0.0500615055205386,-0.00757922792889767,-0.158442506757596
"delta",-0.00757922792889767,0.0212513853091761,0.027670280435243
"lambdaluce",-0.158442506757596,0.027670280435243,1.572746765601
"beta",0.0619534800010437,-0.00136619615794777,-0.113848393328545
"delta",-0.00136619615794777,0.00821008345870525,0.0542914325222408
"lambdaluce",-0.113848393328545,0.0542914325222408,1.68589801053353
"beta",0.0509604189731008,0.000143797324995022,-0.0985574291543674
"delta",0.000143797324995022,0.0129644296783572,0.0205725529920734
"lambdaluce",-0.0985574291543674,0.0205725529920734,0.91017090948418
"beta",0.0343000929110082,-0.0038353334020789,-0.112651617220567
"delta",-0.0038353334020789,0.0252002682909275,0.0515398792950683
"lambdaluce",-0.112651617220567,0.0515398792950683,1.61803136843603
"beta",0.0553886973383152,-0.00584450327837892,-0.178423240836739
"delta",-0.00584450327837892,0.00689872163580977,0.040217680004214
"lambdaluce",-0.178423240836739,0.040217680004214,1.76897748966575
"beta",0.0519550905245519,-0.000364307512374138,-0.111152988470482
"delta",-0.000364307512374138,0.0216863529664469,0.0223675843818667
"lambdaluce",-0.111152988470482,0.0223675843818667,0.940363270480389
"beta",0.0140370286060837,-0.000524139818682064,-0.0206418298897387
"delta",-0.000524139818682064,0.0071164215280598,0.0126133303284766
"lambdaluce",-0.0206418298897387,0.0126133303284766,1.59875640002058
"beta",0.0702409188665814,-0.002189829402782,-0.0805641995312422
"delta",-0.002189829402782,0.00614776188269202,-0.00421005860446519
"lambdaluce",-0.0805641995312422,-0.00421005860446519,1.74970711876125
"beta",0.0599597640148522,-0.00295620878047695,-0.147915732094654
"delta",-0.00295620878047695,0.0107133926859133,0.0472362166694298
"lambdaluce",-0.147915732094654,0.0472362166694298,1.77301347710149
"beta",0.0182783991356508,-0.00257690636105882,-0.0583558478430514
"delta",-0.00257690636105882,0.010863296848897,0.0161656132515102
"lambdaluce",-0.0583558478430514,0.0161656132515102,1.51782000654396
"beta",0.0550574309542392,-0.000661831989224892,-0.141517260461219
"delta",-0.000661831989224892,0.0114192836617393,0.0402248099336218
"lambdaluce",-0.141517260461219,0.0402248099336218,1.19017823023535
"beta",0.0344499648919801,-0.0031748819008339,-0.125347717759179
"delta",-0.0031748819008339,0.0114904618809656,0.0203548051411842
"lambdaluce",-0.125347717759179,0.0203548051411842,1.82877443993833
"beta",0.045914834740318,-0.00529650418866849,-0.127493498565825
"delta",-0.00529650418866849,0.0160901368137723,0.0381805503695222
"lambdaluce",-0.127493498565825,0.0381805503695222,1.65666153322592
"beta",0.0490446557415881,-0.00678549522106795,-0.110463475977727
"delta",-0.00678549522106795,0.017095073456018,0.0432445583213414
"lambdaluce",-0.110463475977727,0.0432445583213414,1.32180357267081
"beta",0.0452546403461882,-0.00125617262547214,-0.0678039013741477
"delta",-0.00125617262547214,0.0220256347866655,0.0162608015933321
"lambdaluce",-0.0678039013741477,0.0162608015933321,0.516622782087823
"beta",0.0179809238685738,9.83057315081933e-06,-0.0332419181940514
"delta",9.83057315081933e-06,0.00825779964396305,0.0220422818537287
"lambdaluce",-0.0332419181940514,0.0220422818537287,1.3919287746998
"beta",0.0485118925634082,-0.00217095228987627,-0.104189873725783
"delta",-0.00217095228987627,0.0246406167306068,0.0248665454685276
"lambdaluce",-0.104189873725783,0.0248665454685276,0.845283141824016
"beta",0.046888571421936,-0.00246159665119794,-0.144311667693981
"delta",-0.00246159665119794,0.0160785213774417,0.0373444668949703
"lambdaluce",-0.144311667693981,0.0373444668949703,1.87868330830048
"beta",0.0621800650851549,-0.000808498677336556,-0.0542745004542483
"delta",-0.000808498677336556,0.0213822987584053,0.0263249223834061
"lambdaluce",-0.0542745004542483,0.0263249223834061,0.252944853832707
"beta",0.0439458860244306,-0.00632931500972788,-0.109413661888003
"delta",-0.00632931500972788,0.00516108225825984,0.0379268310355395
"lambdaluce",-0.109413661888003,0.0379268310355395,1.6655502732431
"beta",0.0527490694408671,-0.00074076734644164,-0.103058911255186
"delta",-0.00074076734644164,0.00820852930597986,0.00561195595551063
"lambdaluce",-0.103058911255186,0.00561195595551063,0.757225887293595
"beta",0.0493280418432784,-0.00738445649439035,-0.0662962775893997
"delta",-0.00738445649439035,0.0301620227511792,0.00067736230600532
"lambdaluce",-0.0662962775893997,0.00067736230600532,0.418613172425642
"beta",0.0730778914330533,-0.00166383923894165,-0.0836357680167617
"delta",-0.00166383923894165,0.0036557500103,-0.00695354926540005
"lambdaluce",-0.0836357680167617,-0.00695354926540005,1.76861287409793
"beta",0.0720315775678534,-0.00178874432574817,-0.0995858066232653
"delta",-0.00178874432574817,0.00711972469023728,0.00207780177124054
"lambdaluce",-0.0995858066232653,0.00207780177124054,0.688727795039833
"beta",0.023186099924939,0.00051077967795463,-0.0600840452070216
"delta",0.00051077967795463,0.0169273449639538,0.0520405947533281
"lambdaluce",-0.0600840452070216,0.0520405947533281,1.6297721226977
"beta",0.0527623292068119,-0.00743121404808888,-0.118781432836861
"delta",-0.00743121404808888,0.0219692121974356,0.0309432607062239
"lambdaluce",-0.118781432836861,0.0309432607062239,1.56571788852753
"beta",0.0764600787136732,-0.00257656203767278,-0.080766332687682
"delta",-0.00257656203767278,0.00438341759023184,-0.00718931394441658
"lambdaluce",-0.080766332687682,-0.00718931394441658,1.78902902042008
"beta",0.0480301844384754,-0.00277409049762392,-0.0504090079880478
"delta",-0.00277409049762392,0.0189539852050757,0.00849205675653507
"lambdaluce",-0.0504090079880478,0.00849205675653507,0.274128797163843
"beta",0.0568826951993214,-0.0145636497223638,-0.150807236306567
"delta",-0.0145636497223638,0.0155948417380293,0.0496263684512392
"lambdaluce",-0.150807236306567,0.0496263684512392,1.75198708445999
"beta",0.0693269008718356,0.000484790286077282,-0.064631874360241
"delta",0.000484790286077282,0.0135380107064219,0.012013941241108
"lambdaluce",-0.064631874360241,0.012013941241108,0.364259447526402
"beta",0.0590532579489786,-0.00246544354512693,-0.119501009738903
"delta",-0.00246544354512693,0.0185866333153335,0.0126607369559329
"lambdaluce",-0.119501009738903,0.0126607369559329,0.927789410566297
"beta",0.0704029524175311,-0.00225642352452293,-0.0825061260641526
"delta",-0.00225642352452293,0.00733101522668025,-0.000845506284926785
"lambdaluce",-0.0825061260641526,-0.000845506284926785,1.71974344301483
"beta",0.0695347301720187,-0.00157988882865499,-0.0775019503527642
"delta",-0.00157988882865499,0.00604501845381929,-0.00218762329553757
"lambdaluce",-0.0775019503527642,-0.00218762329553757,1.73835038837138
"beta",0.0743317467959923,-0.0009857606490087,-0.0756283768231778
"delta",-0.0009857606490087,0.00340447589291295,-0.00968643076639158
"lambdaluce",-0.0756283768231778,-0.00968643076639158,1.81703670629974
"beta",0.0610620177274023,-0.00407320369168115,-0.128118248703161
"delta",-0.00407320369168115,0.0151650084729163,0.0286744844887516
"lambdaluce",-0.128118248703161,0.0286744844887516,0.961836695847455
"beta",0.0509761068150781,-0.00674103937448992,-0.178380111145972
"delta",-0.00674103937448992,0.0155624103035692,0.0369319981191559
"lambdaluce",-0.178380111145972,0.0369319981191559,2.00800937582406
"beta",0.0592608672024553,-0.00424519133462756,-0.131162825649814
"delta",-0.00424519133462756,0.0119793110856633,0.0583189854510382
"lambdaluce",-0.131162825649814,0.0583189854510382,1.56440520528279
"beta",0.0645623794650769,-0.00326273449683221,-0.118363978047943
"delta",-0.00326273449683221,0.00521147799121253,0.0313757074108778
"lambdaluce",-0.118363978047943,0.0313757074108778,1.34334910799436
"beta",0.0569915217365863,-0.00620036621755693,-0.103767247307046
"delta",-0.00620036621755693,0.0054719368011391,0.0287747279678914
"lambdaluce",-0.103767247307046,0.0287747279678914,1.58574131315675
"beta",0.073697016495729,-0.00143585353621887,-0.079886469526272
"delta",-0.00143585353621887,0.00338202280061586,-0.011950370760191
"lambdaluce",-0.079886469526272,-0.011950370760191,1.8099232716385
"beta",0.0729489226169857,-0.00159885174760573,-0.0731513459698411
"delta",-0.00159885174760573,0.00395051364244222,-0.00629086825880725
"lambdaluce",-0.0731513459698411,-0.00629086825880725,1.72975418403097
"beta",0.0781427601030551,-0.00160897580609363,-0.093391103837567
"delta",-0.00160897580609363,0.00409447330460452,-0.00583732291872289
"lambdaluce",-0.093391103837567,-0.00583732291872289,1.74474389371068
"beta",0.0651829029391666,0.00166335024408709,-0.0807181752316201
"delta",0.00166335024408709,0.0149862884245409,0.0107889847031699
"lambdaluce",-0.0807181752316201,0.0107889847031699,0.457023581809388
"beta",0.0445976028296634,-0.00181799961052582,-0.0474428901699669
"delta",-0.00181799961052582,0.0106911514433574,0.00304774963216224
"lambdaluce",-0.0474428901699669,0.00304774963216224,0.229490626317349
"beta",0.0631914969412609,-0.000561519499930818,-0.127813079666513
"delta",-0.000561519499930818,0.00649857494074766,0.00289253530174928
"lambdaluce",-0.127813079666513,0.00289253530174928,0.824804202154098
"beta",0.0757882967535315,-0.00174116580470966,-0.0727273734151427
"delta",-0.00174116580470966,0.00337899989739896,-0.0107488133990365
"lambdaluce",-0.0727273734151427,-0.0107488133990365,1.82908650825112
"beta",0.0289849664327296,-0.00418335687394928,-0.0881021816147787
"delta",-0.00418335687394928,0.0146501157580098,-0.00139468312980444
"lambdaluce",-0.0881021816147787,-0.00139468312980444,1.10777406721799
"beta",0.0611436761521636,-0.00269446365897575,-0.114542748408401
"delta",-0.00269446365897575,0.0176216155735092,0.0579552651689469
"lambdaluce",-0.114542748408401,0.0579552651689469,0.93670672945112
"beta",0.061663800239355,-0.00554479506202177,-0.0567973943552016
"delta",-0.00554479506202177,0.0174015000125011,0.00967852035542931
"lambdaluce",-0.0567973943552016,0.00967852035542931,0.368197469480532
"beta",0.0467980700744027,-0.0024414515168511,-0.128497575666866
"delta",-0.0024414515168511,0.0134123692215624,0.0391122702171249
"lambdaluce",-0.128497575666866,0.0391122702171249,1.47908324898265
"beta",0.0144408336407289,-0.00280506641147665,-0.019730968452954
"delta",-0.00280506641147665,0.00895259881120506,0.00760933735635456
"lambdaluce",-0.019730968452954,0.00760933735635456,1.49227619164729
"beta",0.0736860837225016,-0.0022819501628828,-0.130323759434531
"delta",-0.0022819501628828,0.0112316432583695,0.0233276433340059
"lambdaluce",-0.130323759434531,0.0233276433340059,0.925461864791091
"beta",0.0691383634208551,-0.000458135669806666,-0.108023785500428
"delta",-0.000458135669806666,0.00708298023053609,0.00527784341180862
"lambdaluce",-0.108023785500428,0.00527784341180862,0.688240896284016
"beta",0.0731532345273249,-0.00117964093139629,-0.12147749073392
"delta",-0.00117964093139629,0.00835695707825491,0.0115147765158224
"lambdaluce",-0.12147749073392,0.0115147765158224,0.806550906995499
"beta",0.011939898382215,-0.00377371480821058,-0.00993465472633311
"delta",-0.00377371480821058,0.0136626806478466,0.00272223628653944
"lambdaluce",-0.00993465472633311,0.00272223628653944,1.56694033602062
"beta",0.04550841815308,-0.0116988096032809,-0.151527425646961
"delta",-0.0116988096032809,0.0147470466287534,0.045669881443369
"lambdaluce",-0.151527425646961,0.045669881443369,1.80701995746223
"beta",0.0737335583634762,-0.001490252601129,-0.0755516167327984
"delta",-0.001490252601129,0.00418467975207485,-0.00773305938372491
"lambdaluce",-0.0755516167327984,-0.00773305938372491,1.79663904747538
"beta",0.0439703435547024,-0.00716441631232974,-0.115139109210621
"delta",-0.00716441631232974,0.00562477998642473,0.0345239561215449
"lambdaluce",-0.115139109210621,0.0345239561215449,1.64782810703617
"beta",0.0585251053371856,-0.00627432302569238,-0.153309874948066
"delta",-0.00627432302569238,0.0131292098545053,0.036801132097224
"lambdaluce",-0.153309874948066,0.036801132097224,1.74372531320791
"beta",0.0431562651724175,0.000863490563448134,-0.0467277872758083
"delta",0.000863490563448134,0.0354209099020497,0.0142339262146866
"lambdaluce",-0.0467277872758083,0.0142339262146866,0.313052322877186
"beta",0.0654214718791662,0.00180747297987229,-0.0980520257240866
"delta",0.00180747297987229,0.0157023458868015,0.105815070361629
"lambdaluce",-0.0980520257240866,0.105815070361629,1.96241897318781
"beta",0.0588702744688591,-0.00241611635600195,-0.0559277539155407
"delta",-0.00241611635600195,0.0123546034672521,0.0184380847560885
"lambdaluce",-0.0559277539155407,0.0184380847560885,0.452643290640548
"beta",0.0628172472364258,-0.000298927366157246,-0.0777723269765067
"delta",-0.000298927366157246,0.00625234339537274,0.00155008030379047
"lambdaluce",-0.0777723269765067,0.00155008030379047,0.30353501808622
"beta",0.0444824797966688,-0.00235161599087305,-0.135652805966313
"delta",-0.00235161599087305,0.00797857147706273,0.021978248667843
"lambdaluce",-0.135652805966313,0.021978248667843,1.77563607447771
"beta",0.0684199297639525,-0.00275794990509829,-0.063915292905644
"delta",-0.00275794990509829,0.0171395090029485,0.0215366810519943
"lambdaluce",-0.063915292905644,0.0215366810519943,0.355776446186192
"beta",0.0717721419753125,-0.00354256778720949,-0.103367098347783
"delta",-0.00354256778720949,0.00736189722000118,-0.00208705126089906
"lambdaluce",-0.103367098347783,-0.00208705126089906,1.73541901530557
"beta",0.0664483499870627,-0.00209936073359698,-0.107718710782697
"delta",-0.00209936073359698,0.0117913879768227,0.0306302032747094
"lambdaluce",-0.107718710782697,0.0306302032747094,0.643399978330313
"beta",0.0697713235878674,0.000144923207556712,-0.0995560657993743
"delta",0.000144923207556712,0.0102568463494969,0.00957650840070984
"lambdaluce",-0.0995560657993743,0.00957650840070984,0.477083866493258
"beta",0.0255191970215657,-0.000260022026769396,-0.0826664272389786
"delta",-0.000260022026769396,0.00671565143703644,0.0151109285683612
"lambdaluce",-0.0826664272389786,0.0151109285683612,1.63470032434387
"beta",0.0720075680091792,-0.00221731215065484,-0.0714441389910794
"delta",-0.00221731215065484,0.00472518877727117,-0.007884122757644
"lambdaluce",-0.0714441389910794,-0.007884122757644,1.79610001989707
"beta",0.0585470840468211,-0.00773705191588729,-0.108418758065511
"delta",-0.00773705191588729,0.0199383272564538,0.0354042372753654
"lambdaluce",-0.108418758065511,0.0354042372753654,0.852785948411428
"beta",0.06783441318188,-0.0093889697375477,-0.124104049589117
"delta",-0.0093889697375477,0.023076266792616,-0.00395368299762615
"lambdaluce",-0.124104049589117,-0.00395368299762615,0.723780123702575
"beta",0.0574462963086328,0.000799756677308938,-0.0711136033813933
"delta",0.000799756677308938,0.0165277996280813,0.0110679291681464
"lambdaluce",-0.0711136033813933,0.0110679291681464,0.389434531206779
"beta",0.0552727096985559,-0.00276976444116493,-0.0807230466303847
"delta",-0.00276976444116493,0.00603614929909344,0.0463257472059292
"lambdaluce",-0.0807230466303847,0.0463257472059292,1.74004409957667
"beta",0.0728737207826369,-0.00131312840502993,-0.0705356542011973
"delta",-0.00131312840502993,0.00363199697187413,-0.0123605362415099
"lambdaluce",-0.0705356542011973,-0.0123605362415099,1.80747655210212
"beta",0.0419271275650174,-0.00239617435002762,-0.129727146495368
"delta",-0.00239617435002762,0.0129540502160432,0.0189177683650167
"lambdaluce",-0.129727146495368,0.0189177683650167,1.77503393343935
"beta",0.0468209572326871,-0.00245225718492906,-0.127795081003645
"delta",-0.00245225718492906,0.0186110275363637,0.0481231206783537
"lambdaluce",-0.127795081003645,0.0481231206783537,1.67134922544457
"beta",0.0270397735265101,-0.00627451626829776,-0.103180952628358
"delta",-0.00627451626829776,0.0254227138443641,0.0742892731892737
"lambdaluce",-0.103180952628358,0.0742892731892737,1.81181397774142
"beta",0.0739272858544607,-0.00285625340965104,-0.128321021993356
"delta",-0.00285625340965104,0.00888573632569502,0.0182374529673561
"lambdaluce",-0.128321021993356,0.0182374529673561,0.908575042532019
"beta",0.0600623446296955,-0.00183354959104167,-0.06231783369889
"delta",-0.00183354959104167,0.0241036972512891,0.014014154803987
"lambdaluce",-0.06231783369889,0.014014154803987,0.345710057919877
"beta",0.0593747941049052,-0.00201811530089668,-0.131261419577237
"delta",-0.00201811530089668,0.00738218037583804,0.0460258186880574
"lambdaluce",-0.131261419577237,0.0460258186880574,1.40904205921799
"beta",0.038235659404381,-0.00301773287701901,-0.138608943776862
"delta",-0.00301773287701901,0.011555939445105,0.0206830104509396
"lambdaluce",-0.138608943776862,0.0206830104509396,1.90537769825028
"beta",0.0467665908845546,-0.00800308024793885,-0.14171945065127
"delta",-0.00800308024793885,0.0217961305086029,0.0166028649199245
"lambdaluce",-0.14171945065127,0.0166028649199245,1.48358948187716
"beta",0.0434161098945654,-0.00625788366178833,-0.161301496590131
"delta",-0.00625788366178833,0.0151790642963356,0.0252672329780915
"lambdaluce",-0.161301496590131,0.0252672329780915,1.97940310431704
"beta",0.0743758295261608,-0.00307108997872146,-0.104123618827523
"delta",-0.00307108997872146,0.00782015954164405,0.0102805338698746
"lambdaluce",-0.104123618827523,0.0102805338698746,1.68421664819618
"beta",0.0706397725109614,-0.00168385494898921,-0.0735844094439818
"delta",-0.00168385494898921,0.00273479789656549,-0.00467084237845883
"lambdaluce",-0.0735844094439818,-0.00467084237845883,1.68176523483067
"beta",0.0735735141128642,-0.00281613932299723,-0.101509566705099
"delta",-0.00281613932299723,0.00617659177020484,-0.0136250961551187
"lambdaluce",-0.101509566705099,-0.0136250961551187,1.80086568766596
"beta",0.0479864089560469,-0.003299278666696,-0.0892823523442219
"delta",-0.003299278666696,0.00755068851922025,0.0517588607542313
"lambdaluce",-0.0892823523442219,0.0517588607542313,1.45157961288426
"beta",0.0673149619901314,-0.00377398568595218,-0.114870033257815
"delta",-0.00377398568595218,0.0123547581847051,0.0343825727234741
"lambdaluce",-0.114870033257815,0.0343825727234741,0.74171900140812
"beta",0.0223395150853953,-0.00157544987877771,-0.0405217040426483
"delta",-0.00157544987877771,0.00886274517431166,0.0119312650438746
"lambdaluce",-0.0405217040426483,0.0119312650438746,1.62629569787396
"beta",0.0458860158360952,-0.00383334431448231,-0.162963581829598
"delta",-0.00383334431448231,0.0172847189052747,0.0197144759488535
"lambdaluce",-0.162963581829598,0.0197144759488535,1.89097752664053
"beta",0.0585018579617682,-0.00339878437565072,-0.105163669740365
"delta",-0.00339878437565072,0.00827627084294283,0.0138810772362924
"lambdaluce",-0.105163669740365,0.0138810772362924,0.707682238934584
"beta",0.058413848556763,-0.0104021748173819,-0.0653432468657027
"delta",-0.0104021748173819,0.0375967099957596,0.0123523497345764
"lambdaluce",-0.0653432468657027,0.0123523497345764,0.37224044122837
"beta",0.0708454296551612,-0.00250694646401024,-0.0873682684072906
"delta",-0.00250694646401024,0.00567621143656323,0.000313071414436587
"lambdaluce",-0.0873682684072906,0.000313071414436587,1.899092264014
"beta",0.0349429545205762,0.00270107306083197,-0.0165581083594831
"delta",0.00270107306083197,0.0541407386027868,0.00867690176852626
"lambdaluce",-0.0165581083594831,0.00867690176852626,0.106985802957417
"beta",0.0398710722247263,-0.00662734248866165,-0.149038149751087
"delta",-0.00662734248866165,0.0198927180322955,0.0418002201477632
"lambdaluce",-0.149038149751087,0.0418002201477632,1.98831446751036
"beta",0.0484246218841849,-0.00172605747833352,-0.0825639444268067
"delta",-0.00172605747833352,0.0187180937503868,0.0267170876338696
"lambdaluce",-0.0825639444268067,0.0267170876338696,0.493538983383017
"beta",0.0461690838932439,-0.00310618577355266,-0.113185422960242
"delta",-0.00310618577355266,0.0151643448936754,0.0257827298219505
"lambdaluce",-0.113185422960242,0.0257827298219505,1.31795054712447
"beta",0.0139376307630935,-0.00378192846144365,-0.0275442131300033
"delta",-0.00378192846144365,0.013318422152846,-0.00086919488867122
"lambdaluce",-0.0275442131300033,-0.00086919488867122,1.5156397246991
"beta",0.0457994943021946,-0.00678594267615537,-0.152886058486156
"delta",-0.00678594267615537,0.0220934788430259,0.0629814855491472
"lambdaluce",-0.152886058486156,0.0629814855491472,1.66606716564571
"beta",0.0558917483484612,-0.00226634188723139,-0.0721805428197431
"delta",-0.00226634188723139,0.00699404129791037,0.0168265260500124
"lambdaluce",-0.0721805428197431,0.0168265260500124,1.71563279879341
"beta",0.0250009231720181,-0.00318920420244219,-0.0768933976823543
"delta",-0.00318920420244219,0.0282643906278676,0.0323395686129642
"lambdaluce",-0.0768933976823543,0.0323395686129642,0.979124978152213
"beta",0.0736630086022434,-0.000657563376239313,-0.0737746225558507
"delta",-0.000657563376239313,0.00263601497977016,-0.0059517179228835
"lambdaluce",-0.0737746225558507,-0.0059517179228835,1.85127041768496
"beta",0.0662661850337522,-0.00382730149327094,-0.0453306023197905
"delta",-0.00382730149327094,0.0352890631242797,0.00162483307264202
"lambdaluce",-0.0453306023197905,0.00162483307264202,0.184390906750008
"beta",0.0118335865985201,-0.000183002569458409,-0.0141800388330462
"delta",-0.000183002569458409,0.00784644106128206,0.0108521940632045
"lambdaluce",-0.0141800388330462,0.0108521940632045,1.57556438164995
"beta",0.0394233210140668,-0.00387723337341464,-0.148093086581105
"delta",-0.00387723337341464,0.0169786147961934,0.0860170684858713
"lambdaluce",-0.148093086581105,0.0860170684858713,2.01291643149679
"beta",0.0423805535663575,-0.00444578737733269,-0.103426920950862
"delta",-0.00444578737733269,0.0144615629478381,0.0344105683707881
"lambdaluce",-0.103426920950862,0.0344105683707881,1.54325533693063
"beta",0.0694905400409103,-0.00254135783805345,-0.0854288720617184
"delta",-0.00254135783805345,0.0164191859762704,0.0146179452947585
"lambdaluce",-0.0854288720617184,0.0146179452947585,0.363406671017766
"beta",0.0594297277184197,-0.00354279992914488,-0.156144094851547
"delta",-0.00354279992914488,0.0116628160276862,0.0526331692018563
"lambdaluce",-0.156144094851547,0.0526331692018563,1.84213622842203
"beta",0.0417062652288193,0.00271456320009854,-0.085653226011151
"delta",0.00271456320009854,0.0303774170043432,0.0298488199008436
"lambdaluce",-0.085653226011151,0.0298488199008436,0.867997991594666
"beta",0.0725091629362357,-0.00312818553626843,-0.0814936891692397
"delta",-0.00312818553626843,0.00606243240482365,-0.00785147704599549
"lambdaluce",-0.0814936891692397,-0.00785147704599549,1.83335153300685
"beta",0.0543150202081507,-0.00366571219849185,-0.0916678848063947
"delta",-0.00366571219849185,0.022154002970341,0.0103303225926889
"lambdaluce",-0.0916678848063947,0.0103303225926889,0.751436025512244
"beta",0.0615869745264793,-0.000438078830249509,-0.102637416270254
"delta",-0.000438078830249509,0.00601709855011955,0.00349822444796922
"lambdaluce",-0.102637416270254,0.00349822444796922,0.470684461519924
"beta",0.0541912439300864,-0.00559646486887204,-0.171356619964445
"delta",-0.00559646486887204,0.0185051813663958,0.0569348326240713
"lambdaluce",-0.171356619964445,0.0569348326240713,1.71910719213029
"beta",0.0312758129826234,-0.000241377594767368,-0.062428005629117
"delta",-0.000241377594767368,0.0071785307256909,0.0159007253305396
"lambdaluce",-0.062428005629117,0.0159007253305396,0.938774900312841
"beta",0.0486703954325363,-0.000645852602113652,-0.136923424240761
"delta",-0.000645852602113652,0.0164630487381856,0.0393894468232785
"lambdaluce",-0.136923424240761,0.0393894468232785,1.82786668523859
"beta",0.0567545495635214,-0.00205156136065459,-0.155304432858052
"delta",-0.00205156136065459,0.00918513174909794,0.0564862720317249
"lambdaluce",-0.155304432858052,0.0564862720317249,1.81429558146007
